* This is the StructMobWeight report file that is output every time the server starts.
* 
* Spawn Balance Utility (SBU) will use this file ONLY if it is renamed to StructMobWeight.csv.
* Lines starting with '*' are comments and ignored
* It allows you to add and remove mobs and adjust their spawnweights for Structures
* like shipwrecks, nether fortresses, water monuments, etc.
* 
1, sakes_structures:a_puzzle_below, HEADING, header:ignore, 0, 0, 0
2, legendary_monsters:abandoned_crypt, HEADING, header:ignore, 0, 0, 0
3, sakes_structures:abandoned_fishing_boat, HEADING, header:ignore, 0, 0, 0
4, idas:abandoned_lighthouse, HEADING, header:ignore, 0, 0, 0
5, dungeons_arise:abandoned_temple, HEADING, header:ignore, 0, 0, 0
6, dungeons_arise:abandoned_temple, MONSTER, minecraft:stray, 10, 1, 1
7, idas:abandoned_vineyard, HEADING, header:ignore, 0, 0, 0
8, idas:abandonedhouse, HEADING, header:ignore, 0, 0, 0
9, humancompanions:acacia_house, HEADING, header:ignore, 0, 0, 0
10, bloxysstructures:adventure_trail_dungeon, HEADING, header:ignore, 0, 0, 0
11, bloxysstructures:adventure_trail_dungeon, MONSTER, minecraft:zombie, 10, 4, 8
12, bloxysstructures:adventure_trail_dungeon, MONSTER, minecraft:skeleton, 10, 4, 8
13, bloxysstructures:adventure_trail_dungeon, MONSTER, minecraft:spider, 10, 4, 8
14, bloxysstructures:adventure_trail_dungeon, MONSTER, minecraft:husk, 10, 4, 8
15, bloxysstructures:adventure_trail_dungeon, MONSTER, minecraft:stray, 10, 4, 8
16, bloxysstructures:adventure_trail_dungeon, CREATURE, minecraft:zombie, 10, 4, 8
17, bloxysstructures:adventure_trail_dungeon, CREATURE, minecraft:skeleton, 10, 4, 8
18, bloxysstructures:adventure_trail_dungeon, CREATURE, minecraft:spider, 10, 4, 8
19, bloxysstructures:adventure_trail_dungeon, CREATURE, minecraft:husk, 10, 4, 8
20, bloxysstructures:adventure_trail_dungeon, CREATURE, minecraft:stray, 10, 4, 8
21, valarian_conquest:aegis_castle_structure, HEADING, header:ignore, 0, 0, 0
22, valarian_conquest:aegis_outpost_structure, HEADING, header:ignore, 0, 0, 0
23, minecraft:ancient_city, HEADING, header:ignore, 0, 0, 0
24, bloxysstructures:ancient_city_adventure_realm, HEADING, header:ignore, 0, 0, 0
25, idas:ancient_mines, HEADING, header:ignore, 0, 0, 0
26, idas:ancient_mines, MONSTER, minecraft:silverfish, 10, 1, 1
27, idas:ancient_mines, MONSTER, quark:wraith, 10, 1, 1
28, terramity:ancient_outcrop, HEADING, header:ignore, 0, 0, 0
29, idas:ancient_portal/ancient_portal, HEADING, header:ignore, 0, 0, 0
30, idas:ancient_portal/ancient_portal, MONSTER, minecraft:silverfish, 10, 1, 4
31, idas:ancient_portal/ancient_portal, MONSTER, quark:wraith, 10, 1, 4
32, idas:ancient_portal/nether_ancient_portal, HEADING, header:ignore, 0, 0, 0
33, idas:ancient_portal/nether_ancient_portal, MONSTER, quark:wraith, 10, 1, 1
34, idas:ancient_statue/ancient_statue_desert, HEADING, header:ignore, 0, 0, 0
35, idas:ancient_statue/ancient_statue_jungle, HEADING, header:ignore, 0, 0, 0
36, idas:ancient_statue/ancient_statue_plains, HEADING, header:ignore, 0, 0, 0
37, legendary_monsters:ancient_stronghold, HEADING, header:ignore, 0, 0, 0
38, ati_structures:ancient_temple, HEADING, header:ignore, 0, 0, 0
39, ati_structures:ancient_temple, MONSTER, minecraft:slime, 10, 1, 2
40, legendary_monsters:ancient_tower_remains, HEADING, header:ignore, 0, 0, 0
41, ati_structures:ancient_vessel, HEADING, header:ignore, 0, 0, 0
42, idas:animal_den/forest_den, HEADING, header:ignore, 0, 0, 0
43, idas:animal_den/foxhound_den, HEADING, header:ignore, 0, 0, 0
44, idas:animal_den/polar_bear_den, HEADING, header:ignore, 0, 0, 0
45, idas:apothecary_abode, HEADING, header:ignore, 0, 0, 0
46, ati_structures:arachnid_dwelling, HEADING, header:ignore, 0, 0, 0
47, qrafty:archeology, HEADING, header:ignore, 0, 0, 0
48, qrafty:archeology_desert, HEADING, header:ignore, 0, 0, 0
49, qrafty:archeology_taiga, HEADING, header:ignore, 0, 0, 0
50, idas:ars_nouveau/archmages_tower, HEADING, header:ignore, 0, 0, 0
51, iter_rpg:arthropod_catacombs, HEADING, header:ignore, 0, 0, 0
52, ati_structures:ati_stoneworks, HEADING, header:ignore, 0, 0, 0
53, mobs_of_mythology:automaton_structure, HEADING, header:ignore, 0, 0, 0
54, dungeons_arise:aviary, HEADING, header:ignore, 0, 0, 0
55, dungeons_arise:aviary, MONSTER, minecraft:phantom, 60, 2, 3
56, the_pillager_legion_:bad_land_house, HEADING, header:ignore, 0, 0, 0
57, the_pillager_legion_:bad_land_house_tower, HEADING, header:ignore, 0, 0, 0
58, the_pillager_legion_:bad_land_mine_outpost, HEADING, header:ignore, 0, 0, 0
59, the_pillager_legion_:bad_land_mine_tower, HEADING, header:ignore, 0, 0, 0
60, the_pillager_legion_:bad_land_portal, HEADING, header:ignore, 0, 0, 0
61, the_pillager_legion_:bad_land_tower, HEADING, header:ignore, 0, 0, 0
62, piglet_structures:badlands_giant_tree, HEADING, header:ignore, 0, 0, 0
63, piglet_structures:badlands_pillager_barrel_outpost, HEADING, header:ignore, 0, 0, 0
64, piglet_structures:badlands_ruins, HEADING, header:ignore, 0, 0, 0
65, qrafty:bamboo, HEADING, header:ignore, 0, 0, 0
66, keebsz:bamboo_battletower, HEADING, header:ignore, 0, 0, 0
67, formationsoverworld:bamboo_hut, HEADING, header:ignore, 0, 0, 0
68, glorious_creatures:bandit_camp, HEADING, header:ignore, 0, 0, 0
69, valarian_conquest:bandit_camp, HEADING, header:ignore, 0, 0, 0
70, dungeons_arise:bandit_towers, HEADING, header:ignore, 0, 0, 0
71, dungeons_arise:bandit_village, HEADING, header:ignore, 0, 0, 0
72, hexalia:barren_hut, HEADING, header:ignore, 0, 0, 0
73, takesapillage:bastille, HEADING, header:ignore, 0, 0, 0
74, minecraft:bastion_remnant, HEADING, header:ignore, 0, 0, 0
75, dungeons_arise:bathhouse, HEADING, header:ignore, 0, 0, 0
76, battle_shrines:battle_shrine, HEADING, header:ignore, 0, 0, 0
77, hexalia:bayou_hut, HEADING, header:ignore, 0, 0, 0
78, idas:bazaar, HEADING, header:ignore, 0, 0, 0
79, mvs:beach_bar, HEADING, header:ignore, 0, 0, 0
80, beachparty:beach_hut, HEADING, header:ignore, 0, 0, 0
81, idas:bearclaw_inn, HEADING, header:ignore, 0, 0, 0
82, idas:beekeepers_house, HEADING, header:ignore, 0, 0, 0
83, create_ltab:big_end_lab, HEADING, header:ignore, 0, 0, 0
84, pumpeddesertremake:big_sakul, HEADING, header:ignore, 0, 0, 0
85, create_ltab:big_structures_plains, HEADING, header:ignore, 0, 0, 0
86, valhelsia_structures:big_tree, HEADING, header:ignore, 0, 0, 0
87, world:bigroot, HEADING, header:ignore, 0, 0, 0
88, world:bigtree, HEADING, header:ignore, 0, 0, 0
89, world:bigtree_2, HEADING, header:ignore, 0, 0, 0
90, world:bigtree_22, HEADING, header:ignore, 0, 0, 0
91, world:bigtree_3, HEADING, header:ignore, 0, 0, 0
92, world:bigtreecustom, HEADING, header:ignore, 0, 0, 0
93, world:bigtreecustom_2, HEADING, header:ignore, 0, 0, 0
94, piglet_structures:birch_ancient_house, HEADING, header:ignore, 0, 0, 0
95, piglet_structures:birch_fairy_isle, HEADING, header:ignore, 0, 0, 0
96, piglet_structures:birch_fountain, HEADING, header:ignore, 0, 0, 0
97, piglet_structures:birch_garden_guardian_post, HEADING, header:ignore, 0, 0, 0
98, piglet_structures:birch_gnome_mansion, HEADING, header:ignore, 0, 0, 0
99, humancompanions:birch_house, HEADING, header:ignore, 0, 0, 0
100, piglet_structures:birch_house, HEADING, header:ignore, 0, 0, 0
101, mss:birch_river, HEADING, header:ignore, 0, 0, 0
102, piglet_structures:birch_ruins, HEADING, header:ignore, 0, 0, 0
103, piglet_structures:birch_single_chest, HEADING, header:ignore, 0, 0, 0
104, create_ltab:birch_structures, HEADING, header:ignore, 0, 0, 0
105, qrafty:birk_fort, HEADING, header:ignore, 0, 0, 0
106, dungeons_enhanced:black_citadel, HEADING, header:ignore, 0, 0, 0
107, dungeons_enhanced:black_citadel, MONSTER, minecraft:wither_skeleton, 10, 2, 5
108, dungeons_enhanced:black_citadel, MONSTER, minecraft:skeleton, 10, 1, 3
109, twigs:bloodstone_obelisk, HEADING, header:ignore, 0, 0, 0
110, valarian_conquest:bohemiancastle, HEADING, header:ignore, 0, 0, 0
111, valarian_conquest:bohemianoutpost, HEADING, header:ignore, 0, 0, 0
112, valarian_conquest:bohemiantower, HEADING, header:ignore, 0, 0, 0
113, idas:botanist, HEADING, header:ignore, 0, 0, 0
114, sakes_structures:boulder, HEADING, header:ignore, 0, 0, 0
115, idas:brickhouse, HEADING, header:ignore, 0, 0, 0
116, qrafty:bunker, HEADING, header:ignore, 0, 0, 0
117, minecraft:buried_treasure, HEADING, header:ignore, 0, 0, 0
118, qrafty:buried_villager, HEADING, header:ignore, 0, 0, 0
119, terrariastructures:cabin_large, HEADING, header:ignore, 0, 0, 0
120, terrariastructures:cabin_medium, HEADING, header:ignore, 0, 0, 0
121, terrariastructures:cabin_small, HEADING, header:ignore, 0, 0, 0
122, valarian_conquest:caladrian_castle, HEADING, header:ignore, 0, 0, 0
123, valarian_conquest:caladrianfort, HEADING, header:ignore, 0, 0, 0
124, valarian_conquest:caladrianoutpost, HEADING, header:ignore, 0, 0, 0
125, mss:calcite_house, HEADING, header:ignore, 0, 0, 0
126, qrafty:camp, HEADING, header:ignore, 0, 0, 0
127, formationsoverworld:campsite, HEADING, header:ignore, 0, 0, 0
128, compatstructures:carousel, HEADING, header:ignore, 0, 0, 0
129, mvs:cartographer_tower, HEADING, header:ignore, 0, 0, 0
130, mvs:carts/cart, HEADING, header:ignore, 0, 0, 0
131, mvs:carts/large_cart_1, HEADING, header:ignore, 0, 0, 0
132, mvs:carts/large_cart_2, HEADING, header:ignore, 0, 0, 0
133, mvs:carts/medium_bamboo_cart, HEADING, header:ignore, 0, 0, 0
134, ati_structures:castillo, HEADING, header:ignore, 0, 0, 0
135, dungeons_enhanced:castle, HEADING, header:ignore, 0, 0, 0
136, idas:castle, HEADING, header:ignore, 0, 0, 0
137, valhelsia_structures:castle, HEADING, header:ignore, 0, 0, 0
138, castle_in_the_sky:castle_in_the_sky, HEADING, header:ignore, 0, 0, 0
139, castle_in_the_sky:castle_in_the_sky, MONSTER, minecraft:zombie, 10, 1, 2
140, castle_in_the_sky:castle_in_the_sky, MONSTER, minecraft:skeleton, 10, 1, 1
141, castle_in_the_sky:castle_in_the_sky, MONSTER, minecraft:spider, 10, 1, 1
142, mss:castle_ruin, HEADING, header:ignore, 0, 0, 0
143, valhelsia_structures:castle_ruin, HEADING, header:ignore, 0, 0, 0
144, mss:castle_tower, HEADING, header:ignore, 0, 0, 0
145, bygonenether:catacomb, HEADING, header:ignore, 0, 0, 0
146, bygonenether:catacomb, MONSTER, minecraft:magma_cube, 10, 1, 1
147, ati_structures:catalonian_castle, HEADING, header:ignore, 0, 0, 0
148, mvs:cathedral, HEADING, header:ignore, 0, 0, 0
149, mvs:cathedral, MONSTER, minecraft:skeleton, 10, 1, 2
150, mvs:cathedral, MONSTER, minecraft:zombie, 10, 2, 5
151, create_pillagers_arise:cathedral_create, HEADING, header:ignore, 0, 0, 0
152, create_ltab:cave_ruins, HEADING, header:ignore, 0, 0, 0
153, dungeons_arise:ceryneian_hind, HEADING, header:ignore, 0, 0, 0
154, glorious_creatures:champion_hall, HEADING, header:ignore, 0, 0, 0
155, mss:cherry_river, HEADING, header:ignore, 0, 0, 0
156, terramity:chthonian_breach, HEADING, header:ignore, 0, 0, 0
157, terramity:chthonic_cathedral, HEADING, header:ignore, 0, 0, 0
158, terramity:chthonic_dungeon, HEADING, header:ignore, 0, 0, 0
159, mns:circle_blackstone, HEADING, header:ignore, 0, 0, 0
160, mns:circle_nether_brick, HEADING, header:ignore, 0, 0, 0
161, bygonenether:citadel, HEADING, header:ignore, 0, 0, 0
162, bygonenether:citadel, MONSTER, bygonenether:warped_enderman, 10, 1, 1
163, bygonenether:citadel, MONSTER, minecraft:enderman, 10, 1, 1
164, legendary_monsters:cloudy_temple, HEADING, header:ignore, 0, 0, 0
165, born_in_chaos_v1:clown_caravan_plains, HEADING, header:ignore, 0, 0, 0
166, born_in_chaos_v1:clown_caravan_savanna, HEADING, header:ignore, 0, 0, 0
167, born_in_chaos_v1:clown_caravan_taiga, HEADING, header:ignore, 0, 0, 0
168, formationsoverworld:cobble_hole, HEADING, header:ignore, 0, 0, 0
169, keebsz:cobblestone_battletower, HEADING, header:ignore, 0, 0, 0
170, keebsz:cobblestone_battletower_underground, HEADING, header:ignore, 0, 0, 0
171, dungeons_arise:coliseum, HEADING, header:ignore, 0, 0, 0
172, idas:collectors_museum, HEADING, header:ignore, 0, 0, 0
173, world:colostreecustom, HEADING, header:ignore, 0, 0, 0
174, world:colostreecustom_2, HEADING, header:ignore, 0, 0, 0
175, world:colostreecustom_3, HEADING, header:ignore, 0, 0, 0
176, world:colostreecustom_4, HEADING, header:ignore, 0, 0, 0
177, world:colostreecustom_5, HEADING, header:ignore, 0, 0, 0
178, world:colostreecustom_6, HEADING, header:ignore, 0, 0, 0
179, formationsoverworld:copper_spire, HEADING, header:ignore, 0, 0, 0
180, dungeons_arise_seven_seas:corsair_corvette, HEADING, header:ignore, 0, 0, 0
181, idas:cottage, HEADING, header:ignore, 0, 0, 0
182, terramity:court_of_gnomes, HEADING, header:ignore, 0, 0, 0
183, create_structures_arise:create_copper_statue, HEADING, header:ignore, 0, 0, 0
184, create_structures_arise:create_dungeon_base, HEADING, header:ignore, 0, 0, 0
185, create_structures_arise:create_ruined_castle, HEADING, header:ignore, 0, 0, 0
186, create_structures_arise:createairdrop, HEADING, header:ignore, 0, 0, 0
187, create_pillagers_arise:createchinatower, HEADING, header:ignore, 0, 0, 0
188, create_structures_arise:createcontainer, HEADING, header:ignore, 0, 0, 0
189, create_structures_arise:createcushercrane, HEADING, header:ignore, 0, 0, 0
190, create_structures_arise:createfluidtank, HEADING, header:ignore, 0, 0, 0
191, create_structures_arise:createhouse, HEADING, header:ignore, 0, 0, 0
192, create_structures_arise:createlittleman, HEADING, header:ignore, 0, 0, 0
193, create_structures_arise:createlosttrainstation, HEADING, header:ignore, 0, 0, 0
194, create_structures_arise:createminiskyvillage, HEADING, header:ignore, 0, 0, 0
195, create_structures_arise:createoldruine, HEADING, header:ignore, 0, 0, 0
196, create_structures_arise:createpickaxestatue, HEADING, header:ignore, 0, 0, 0
197, create_pillagers_arise:createpillagerblimp, HEADING, header:ignore, 0, 0, 0
198, create_pillagers_arise:createpillagercamp, HEADING, header:ignore, 0, 0, 0
199, create_pillagers_arise:createpillagerfortgate, HEADING, header:ignore, 0, 0, 0
200, create_pillagers_arise:createpillagerhousesmall, HEADING, header:ignore, 0, 0, 0
201, create_pillagers_arise:createpillageroutpost, HEADING, header:ignore, 0, 0, 0
202, create_pillagers_arise:createpillagersmallhouse, HEADING, header:ignore, 0, 0, 0
203, create_pillagers_arise:createpillagervillage, HEADING, header:ignore, 0, 0, 0
204, mvs:crystal, HEADING, header:ignore, 0, 0, 0
205, ancientcurses:cursedaltar, HEADING, header:ignore, 0, 0, 0
206, compatstructures:dark_factory, HEADING, header:ignore, 0, 0, 0
207, create_ltab:dark_forest_house, HEADING, header:ignore, 0, 0, 0
208, ati_structures:dark_keep, HEADING, header:ignore, 0, 0, 0
209, piglet_structures:dark_oak_alchemist_house, HEADING, header:ignore, 0, 0, 0
210, humancompanions:dark_oak_house, HEADING, header:ignore, 0, 0, 0
211, piglet_structures:dark_oak_ore_storehouse, HEADING, header:ignore, 0, 0, 0
212, piglet_structures:dark_oak_ruins, HEADING, header:ignore, 0, 0, 0
213, piglet_structures:dark_oak_stone_circle, HEADING, header:ignore, 0, 0, 0
214, ati_structures:dark_tower, HEADING, header:ignore, 0, 0, 0
215, born_in_chaos_v1:dark_tower_forest, HEADING, header:ignore, 0, 0, 0
216, born_in_chaos_v1:dark_tower_plain, HEADING, header:ignore, 0, 0, 0
217, born_in_chaos_v1:dark_tower_taiga, HEADING, header:ignore, 0, 0, 0
218, create_structures_arise:darkcastle, HEADING, header:ignore, 0, 0, 0
219, mvs:dead_tree/acacia, HEADING, header:ignore, 0, 0, 0
220, mvs:dead_tree/birch, HEADING, header:ignore, 0, 0, 0
221, mvs:dead_tree/cherry, HEADING, header:ignore, 0, 0, 0
222, mvs:dead_tree/dark_oak, HEADING, header:ignore, 0, 0, 0
223, mvs:dead_tree/jungle, HEADING, header:ignore, 0, 0, 0
224, mvs:dead_tree/mangrove, HEADING, header:ignore, 0, 0, 0
225, mvs:dead_tree/oak, HEADING, header:ignore, 0, 0, 0
226, mvs:dead_tree/spruce, HEADING, header:ignore, 0, 0, 0
227, create_structures_arise:deadlordshouse, HEADING, header:ignore, 0, 0, 0
228, dungeons_enhanced:deep_crypt, HEADING, header:ignore, 0, 0, 0
229, valhelsia_structures:deep_spawner_room, HEADING, header:ignore, 0, 0, 0
230, ati_structures:deepslate_keep, HEADING, header:ignore, 0, 0, 0
231, compatstructures:depot_train, HEADING, header:ignore, 0, 0, 0
232, pumpeddesertremake:desert_arena, HEADING, header:ignore, 0, 0, 0
233, the_pillager_legion_:desert_big_tower, HEADING, header:ignore, 0, 0, 0
234, piglet_structures:desert_boulder, HEADING, header:ignore, 0, 0, 0
235, terrariastructures:desert_cabin_large, HEADING, header:ignore, 0, 0, 0
236, terrariastructures:desert_cabin_medium, HEADING, header:ignore, 0, 0, 0
237, terrariastructures:desert_cabin_small, HEADING, header:ignore, 0, 0, 0
238, idas:desert_camp/desert_camp, HEADING, header:ignore, 0, 0, 0
239, idas:desert_camp/desert_camp_bygwindswept, HEADING, header:ignore, 0, 0, 0
240, idas:desert_camp/desert_camp_orange, HEADING, header:ignore, 0, 0, 0
241, idas:desert_camp/desert_camp_red, HEADING, header:ignore, 0, 0, 0
242, the_pillager_legion_:desert_fortress, HEADING, header:ignore, 0, 0, 0
243, piglet_structures:desert_hidden_treasure, HEADING, header:ignore, 0, 0, 0
244, the_pillager_legion_:desert_house, HEADING, header:ignore, 0, 0, 0
245, valhelsia_structures:desert_house, HEADING, header:ignore, 0, 0, 0
246, formationsoverworld:desert_houses, HEADING, header:ignore, 0, 0, 0
247, the_pillager_legion_:desert_library, HEADING, header:ignore, 0, 0, 0
248, idas:desert_market/desert_market, HEADING, header:ignore, 0, 0, 0
249, idas:desert_market/desert_market_orange, HEADING, header:ignore, 0, 0, 0
250, idas:desert_market/desert_market_red, HEADING, header:ignore, 0, 0, 0
251, piglet_structures:desert_mummy_swarm, HEADING, header:ignore, 0, 0, 0
252, ati_structures:desert_outpost, HEADING, header:ignore, 0, 0, 0
253, terralith:desert_outpost, HEADING, header:ignore, 0, 0, 0
254, terralith:desert_outpost, MONSTER, minecraft:pillager, 10, 1, 1
255, the_pillager_legion_:desert_outpost, HEADING, header:ignore, 0, 0, 0
256, the_pillager_legion_:desert_portal, HEADING, header:ignore, 0, 0, 0
257, idas:desert_pyramid, HEADING, header:ignore, 0, 0, 0
258, minecraft:desert_pyramid, HEADING, header:ignore, 0, 0, 0
259, mss:desert_pyramid, HEADING, header:ignore, 0, 0, 0
260, piglet_structures:desert_pyramid, HEADING, header:ignore, 0, 0, 0
261, idas:desert_ruins, HEADING, header:ignore, 0, 0, 0
262, piglet_structures:desert_ruins, HEADING, header:ignore, 0, 0, 0
263, the_pillager_legion_:desert_site, HEADING, header:ignore, 0, 0, 0
264, the_pillager_legion_:desert_small_house, HEADING, header:ignore, 0, 0, 0
265, dungeons_enhanced:desert_temple, HEADING, header:ignore, 0, 0, 0
266, dungeons_enhanced:desert_tomb, HEADING, header:ignore, 0, 0, 0
267, the_pillager_legion_:desert_tower, HEADING, header:ignore, 0, 0, 0
268, mss:desert_well, HEADING, header:ignore, 0, 0, 0
269, idas:dig_site/dig_site, HEADING, header:ignore, 0, 0, 0
270, idas:dig_site/dig_site_desert, HEADING, header:ignore, 0, 0, 0
271, mss:diorite_house, HEADING, header:ignore, 0, 0, 0
272, qrafty:dirt_hut, HEADING, header:ignore, 0, 0, 0
273, dldungeonsjbg:dldungeon, HEADING, header:ignore, 0, 0, 0
274, ati_structures:dojo, HEADING, header:ignore, 0, 0, 0
275, dungeons_enhanced:druid_circle, HEADING, header:ignore, 0, 0, 0
276, world:dryadhouses, HEADING, header:ignore, 0, 0, 0
277, dungeoncrawl:dungeon, HEADING, header:ignore, 0, 0, 0
278, dungeons_enhanced:dungeon_variant, HEADING, header:ignore, 0, 0, 0
279, valarian_conquest:dwarven_tower, HEADING, header:ignore, 0, 0, 0
280, dwarven_forge:dwarven_village, HEADING, header:ignore, 0, 0, 0
281, world:dyb, HEADING, header:ignore, 0, 0, 0
282, world:dyb_2, HEADING, header:ignore, 0, 0, 0
283, world:dyb_3, HEADING, header:ignore, 0, 0, 0
284, world:dybcustom, HEADING, header:ignore, 0, 0, 0
285, world:eflshousebase_4s, HEADING, header:ignore, 0, 0, 0
286, dungeons_enhanced:elders_temple, HEADING, header:ignore, 0, 0, 0
287, dungeons_enhanced:elders_temple, MONSTER, minecraft:guardian, 10, 2, 4
288, enchanted_villagers:enchanted_tower, HEADING, header:ignore, 0, 0, 0
289, qrafty:enchanter, HEADING, header:ignore, 0, 0, 0
290, idas:enchantingtower, HEADING, header:ignore, 0, 0, 0
291, trek:end/medium/end_city, HEADING, header:ignore, 0, 0, 0
292, ender_wyrmlings:end_beacon, HEADING, header:ignore, 0, 0, 0
293, minecraft:end_city, HEADING, header:ignore, 0, 0, 0
294, ender_wyrmlings:end_house, HEADING, header:ignore, 0, 0, 0
295, create_ltab:end_lab, HEADING, header:ignore, 0, 0, 0
296, ender_wyrmlings:end_medium_island, HEADING, header:ignore, 0, 0, 0
297, ender_wyrmlings:end_nest, HEADING, header:ignore, 0, 0, 0
298, ender_wyrmlings:end_small_island, HEADING, header:ignore, 0, 0, 0
299, ender_wyrmlings:end_village, HEADING, header:ignore, 0, 0, 0
300, ender_wyrmlings:end_wyrmling, HEADING, header:ignore, 0, 0, 0
301, ender_wyrmlings:end_wyrmling_statue, HEADING, header:ignore, 0, 0, 0
302, beachparty:excavated_treasure, HEADING, header:ignore, 0, 0, 0
303, towns_and_towers:exclusives/pillager_outpost_classic, HEADING, header:ignore, 0, 0, 0
304, towns_and_towers:exclusives/pillager_outpost_classic, MONSTER, minecraft:pillager, 10, 1, 2
305, towns_and_towers:exclusives/pillager_outpost_iberian, HEADING, header:ignore, 0, 0, 0
306, towns_and_towers:exclusives/pillager_outpost_iberian, MONSTER, minecraft:pillager, 10, 1, 2
307, towns_and_towers:exclusives/pillager_outpost_mediterranean, HEADING, header:ignore, 0, 0, 0
308, towns_and_towers:exclusives/pillager_outpost_mediterranean, MONSTER, minecraft:pillager, 10, 1, 2
309, towns_and_towers:exclusives/pillager_outpost_oriental, HEADING, header:ignore, 0, 0, 0
310, towns_and_towers:exclusives/pillager_outpost_oriental, MONSTER, minecraft:pillager, 10, 1, 2
311, towns_and_towers:exclusives/pillager_outpost_rustic, HEADING, header:ignore, 0, 0, 0
312, towns_and_towers:exclusives/pillager_outpost_rustic, MONSTER, minecraft:pillager, 10, 1, 2
313, towns_and_towers:exclusives/pillager_outpost_swedish, HEADING, header:ignore, 0, 0, 0
314, towns_and_towers:exclusives/pillager_outpost_swedish, MONSTER, minecraft:pillager, 10, 1, 2
315, towns_and_towers:exclusives/pillager_outpost_tudor, HEADING, header:ignore, 0, 0, 0
316, towns_and_towers:exclusives/pillager_outpost_tudor, MONSTER, minecraft:pillager, 10, 1, 2
317, towns_and_towers:exclusives/village_classic, HEADING, header:ignore, 0, 0, 0
318, towns_and_towers:exclusives/village_iberian, HEADING, header:ignore, 0, 0, 0
319, towns_and_towers:exclusives/village_mediterranean, HEADING, header:ignore, 0, 0, 0
320, towns_and_towers:exclusives/village_nilotic, HEADING, header:ignore, 0, 0, 0
321, towns_and_towers:exclusives/village_piglin, HEADING, header:ignore, 0, 0, 0
322, towns_and_towers:exclusives/village_piglin, MONSTER, minecraft:piglin, 10, 6, 8
323, towns_and_towers:exclusives/village_piglin, MONSTER, minecraft:piglin_brute, 10, 2, 3
324, towns_and_towers:exclusives/village_rustic, HEADING, header:ignore, 0, 0, 0
325, towns_and_towers:exclusives/village_swedish, HEADING, header:ignore, 0, 0, 0
326, towns_and_towers:exclusives/village_tudor, HEADING, header:ignore, 0, 0, 0
327, towns_and_towers:exclusives/village_wandering_trader_camp, HEADING, header:ignore, 0, 0, 0
328, compatstructures:factory_andesite, HEADING, header:ignore, 0, 0, 0
329, compatstructures:factory_gold, HEADING, header:ignore, 0, 0, 0
330, compatstructures:factory_iron, HEADING, header:ignore, 0, 0, 0
331, compatstructures:factory_steam, HEADING, header:ignore, 0, 0, 0
332, terramity:fairy_fountain, HEADING, header:ignore, 0, 0, 0
333, pumpeddesertremake:fallensakull, HEADING, header:ignore, 0, 0, 0
334, born_in_chaos_v1:farm, HEADING, header:ignore, 0, 0, 0
335, qrafty:farm, HEADING, header:ignore, 0, 0, 0
336, idas:farmhouse, HEADING, header:ignore, 0, 0, 0
337, formationsoverworld:farmland_field, HEADING, header:ignore, 0, 0, 0
338, terramity:fire_lookout_tower, HEADING, header:ignore, 0, 0, 0
339, illagerinvasion:firecaller_hut, HEADING, header:ignore, 0, 0, 0
340, born_in_chaos_v1:firewell, HEADING, header:ignore, 0, 0, 0
341, idas:fishermans_lodge, HEADING, header:ignore, 0, 0, 0
342, tide:fishing_boat, HEADING, header:ignore, 0, 0, 0
343, dungeons_arise:fishing_hut, HEADING, header:ignore, 0, 0, 0
344, dungeons_enhanced:fishing_ship, HEADING, header:ignore, 0, 0, 0
345, sakes_structures:floating_island, HEADING, header:ignore, 0, 0, 0
346, homesteads:flower_home_steads, HEADING, header:ignore, 0, 0, 0
347, dungeons_enhanced:flying_dutchman, HEADING, header:ignore, 0, 0, 0
348, sakes_structures:forbidden_house, HEADING, header:ignore, 0, 0, 0
349, homesteads:forest_home_steads, HEADING, header:ignore, 0, 0, 0
350, the_pillager_legion_:forest_outpost, HEADING, header:ignore, 0, 0, 0
351, threateningly_mobs:forestdungeon, HEADING, header:ignore, 0, 0, 0
352, valhelsia_structures:forge, HEADING, header:ignore, 0, 0, 0
353, medieval_buildings:fort, HEADING, header:ignore, 0, 0, 0
354, qrafty:fort, HEADING, header:ignore, 0, 0, 0
355, terralith:fortified_desert_village, HEADING, header:ignore, 0, 0, 0
356, ati_structures:fortified_temple, HEADING, header:ignore, 0, 0, 0
357, terralith:fortified_village, HEADING, header:ignore, 0, 0, 0
358, minecraft:fortress, HEADING, header:ignore, 0, 0, 0
359, minecraft:fortress, MONSTER, minecraft:blaze, 10, 2, 3
360, minecraft:fortress, MONSTER, minecraft:zombified_piglin, 10, 4, 4
361, minecraft:fortress, MONSTER, minecraft:wither_skeleton, 10, 5, 5
362, minecraft:fortress, MONSTER, minecraft:skeleton, 10, 5, 5
363, minecraft:fortress, MONSTER, minecraft:magma_cube, 10, 4, 4
364, dungeons_arise:foundry, HEADING, header:ignore, 0, 0, 0
365, formationsoverworld:fountain, HEADING, header:ignore, 0, 0, 0
366, glorious_creatures:frog_camp, HEADING, header:ignore, 0, 0, 0
367, glorious_creatures:frog_village, HEADING, header:ignore, 0, 0, 0
368, legendary_monsters:frostbitten_temple, HEADING, header:ignore, 0, 0, 0
369, idas:frozen_crypt, HEADING, header:ignore, 0, 0, 0
370, mss:frozen_pond, HEADING, header:ignore, 0, 0, 0
371, valarian_conquest:galician_fort, HEADING, header:ignore, 0, 0, 0
372, valarian_conquest:galiciancastle, HEADING, header:ignore, 0, 0, 0
373, valarian_conquest:galicianoutpost, HEADING, header:ignore, 0, 0, 0
374, mvs:gallows, HEADING, header:ignore, 0, 0, 0
375, valarian_conquest:gardoniancastle, HEADING, header:ignore, 0, 0, 0
376, iter_rpg:generic_dungeon, HEADING, header:ignore, 0, 0, 0
377, dungeons_arise:giant_mushroom, HEADING, header:ignore, 0, 0, 0
378, sakes_structures:giant_seaweed, HEADING, header:ignore, 0, 0, 0
379, valarian_conquest:gilded_legion_fort, HEADING, header:ignore, 0, 0, 0
380, terralith:glacial_hut, HEADING, header:ignore, 0, 0, 0
381, ati_structures:gnome_hut, HEADING, header:ignore, 0, 0, 0
382, iter_rpg:goblin_camp, HEADING, header:ignore, 0, 0, 0
383, world:goblinhouses, HEADING, header:ignore, 0, 0, 0
384, goblins_tyranny:goblins_caravan, HEADING, header:ignore, 0, 0, 0
385, goblins_tyranny:goblins_spot, HEADING, header:ignore, 0, 0, 0
386, goblins_tyranny:goblinscamp, HEADING, header:ignore, 0, 0, 0
387, iceandfire:gorgon_temple, HEADING, header:ignore, 0, 0, 0
388, ati_structures:granite_fort, HEADING, header:ignore, 0, 0, 0
389, born_in_chaos_v1:grave_2003wise, HEADING, header:ignore, 0, 0, 0
390, born_in_chaos_v1:grave_2_dling, HEADING, header:ignore, 0, 0, 0
391, born_in_chaos_v1:grave_d_4rk_devil_x, HEADING, header:ignore, 0, 0, 0
392, born_in_chaos_v1:grave_darktitan, HEADING, header:ignore, 0, 0, 0
393, born_in_chaos_v1:grave_derivas, HEADING, header:ignore, 0, 0, 0
394, born_in_chaos_v1:grave_euthymia, HEADING, header:ignore, 0, 0, 0
395, born_in_chaos_v1:grave_feral, HEADING, header:ignore, 0, 0, 0
396, born_in_chaos_v1:grave_fubuki_banzai, HEADING, header:ignore, 0, 0, 0
397, born_in_chaos_v1:grave_memesus, HEADING, header:ignore, 0, 0, 0
398, born_in_chaos_v1:grave_mike_and_rory, HEADING, header:ignore, 0, 0, 0
399, born_in_chaos_v1:grave_nino_4416, HEADING, header:ignore, 0, 0, 0
400, born_in_chaos_v1:grave_orion, HEADING, header:ignore, 0, 0, 0
401, born_in_chaos_v1:grave_petasi, HEADING, header:ignore, 0, 0, 0
402, born_in_chaos_v1:grave_plug, HEADING, header:ignore, 0, 0, 0
403, born_in_chaos_v1:grave_rotborne, HEADING, header:ignore, 0, 0, 0
404, born_in_chaos_v1:grave_somfunambulist, HEADING, header:ignore, 0, 0, 0
405, born_in_chaos_v1:grave_tem_187, HEADING, header:ignore, 0, 0, 0
406, born_in_chaos_v1:grave_the_gentleman_frog, HEADING, header:ignore, 0, 0, 0
407, mns:grave_yard, HEADING, header:ignore, 0, 0, 0
408, born_in_chaos_v1:gravecarrionexe, HEADING, header:ignore, 0, 0, 0
409, formationsoverworld:graveyard, HEADING, header:ignore, 0, 0, 0
410, iceandfire:graveyard, HEADING, header:ignore, 0, 0, 0
411, qrafty:graveyard, HEADING, header:ignore, 0, 0, 0
412, dungeons_arise:greenwood_pub, HEADING, header:ignore, 0, 0, 0
413, create_ltab:grot, HEADING, header:ignore, 0, 0, 0
414, idas:haunted_manor, HEADING, header:ignore, 0, 0, 0
415, idas:haunted_manor, MONSTER, quark:wraith, 10, 3, 4
416, ati_structures:haunted_ruin, HEADING, header:ignore, 0, 0, 0
417, dungeons_enhanced:hay_storage, HEADING, header:ignore, 0, 0, 0
418, compatstructures:heart, HEADING, header:ignore, 0, 0, 0
419, dungeons_arise:heavenly_challenger, HEADING, header:ignore, 0, 0, 0
420, dungeons_arise:heavenly_conqueror, HEADING, header:ignore, 0, 0, 0
421, dungeons_arise:heavenly_rider, HEADING, header:ignore, 0, 0, 0
422, idas:hermits_hollow, HEADING, header:ignore, 0, 0, 0
423, ati_structures:herobrine_stronghold, HEADING, header:ignore, 0, 0, 0
424, formationsoverworld:hobbit_hole, HEADING, header:ignore, 0, 0, 0
425, qrafty:hobbit_hole, HEADING, header:ignore, 0, 0, 0
426, homeless_illager:homeless_illager_house, HEADING, header:ignore, 0, 0, 0
427, mvs:horse_pen, HEADING, header:ignore, 0, 0, 0
428, medieval_buildings:house_1, HEADING, header:ignore, 0, 0, 0
429, medieval_buildings:house_2, HEADING, header:ignore, 0, 0, 0
430, mvs:houses/azelea_house, HEADING, header:ignore, 0, 0, 0
431, mvs:houses/barn, HEADING, header:ignore, 0, 0, 0
432, mvs:houses/deepslate_house, HEADING, header:ignore, 0, 0, 0
433, mvs:houses/desert_house, HEADING, header:ignore, 0, 0, 0
434, mvs:houses/flower_hole, HEADING, header:ignore, 0, 0, 0
435, mvs:houses/house, HEADING, header:ignore, 0, 0, 0
436, mvs:houses/large_floating_island, HEADING, header:ignore, 0, 0, 0
437, mvs:houses/large_warped_tower, HEADING, header:ignore, 0, 0, 0
438, mvs:houses/medium_igloo_1, HEADING, header:ignore, 0, 0, 0
439, mvs:houses/medium_igloo_2, HEADING, header:ignore, 0, 0, 0
440, mvs:houses/small_igloo, HEADING, header:ignore, 0, 0, 0
441, mvs:houses/small_swamp_house, HEADING, header:ignore, 0, 0, 0
442, mvs:houses/tall_house, HEADING, header:ignore, 0, 0, 0
443, mvs:houses/warped_house, HEADING, header:ignore, 0, 0, 0
444, compatstructures:hunter_fire_dragon, HEADING, header:ignore, 0, 0, 0
445, compatstructures:hunter_ice_dragon, HEADING, header:ignore, 0, 0, 0
446, compatstructures:hunter_light_dragon, HEADING, header:ignore, 0, 0, 0
447, compatstructures:hunter_myrmex, HEADING, header:ignore, 0, 0, 0
448, compatstructures:hunter_pixie, HEADING, header:ignore, 0, 0, 0
449, idas:hunters_cabin, HEADING, header:ignore, 0, 0, 0
450, skyarena:ice_arena, HEADING, header:ignore, 0, 0, 0
451, terrariastructures:ice_cabin_large, HEADING, header:ignore, 0, 0, 0
452, terrariastructures:ice_cabin_medium, HEADING, header:ignore, 0, 0, 0
453, terrariastructures:ice_cabin_small, HEADING, header:ignore, 0, 0, 0
454, formationsoverworld:ice_castle, HEADING, header:ignore, 0, 0, 0
455, qrafty:ice_fort, HEADING, header:ignore, 0, 0, 0
456, piglet_structures:ice_ocean_water_ruins, HEADING, header:ignore, 0, 0, 0
457, dungeons_enhanced:ice_pit, HEADING, header:ignore, 0, 0, 0
458, formationsoverworld:ice_spire, HEADING, header:ignore, 0, 0, 0
459, ati_structures:ice_tribe, HEADING, header:ignore, 0, 0, 0
460, ati_structures:ice_tribe, MONSTER, minecraft:pig, 10, 1, 2
461, idas:iceandfire/dread_citadel, HEADING, header:ignore, 0, 0, 0
462, idas:iceandfire/sirens_cove, HEADING, header:ignore, 0, 0, 0
463, formationsoverworld:igloo, HEADING, header:ignore, 0, 0, 0
464, minecraft:igloo, HEADING, header:ignore, 0, 0, 0
465, terralith:igloo, HEADING, header:ignore, 0, 0, 0
466, qrafty:igloo_village, HEADING, header:ignore, 0, 0, 0
467, dungeons_arise:illager_campsite, HEADING, header:ignore, 0, 0, 0
468, bloxysstructures:illager_castle_big, HEADING, header:ignore, 0, 0, 0
469, dungeons_arise:illager_corsair, HEADING, header:ignore, 0, 0, 0
470, dungeons_arise:illager_fort, HEADING, header:ignore, 0, 0, 0
471, illagerinvasion:illager_fort, HEADING, header:ignore, 0, 0, 0
472, illagerinvasion:illager_fort, MONSTER, minecraft:pillager, 10, 1, 1
473, illagerinvasion:illager_fort, MONSTER, illagerinvasion:marauder, 10, 1, 1
474, illagerinvasion:illager_fort, MONSTER, illagerinvasion:basher, 10, 1, 1
475, illagerinvasion:illager_fort, MONSTER, illagerinvasion:provoker, 10, 1, 1
476, dungeons_arise:illager_galley, HEADING, header:ignore, 0, 0, 0
477, ati_structures:illager_homestead, HEADING, header:ignore, 0, 0, 0
478, ati_structures:illager_tower, HEADING, header:ignore, 0, 0, 0
479, bloxysstructures:illager_village, HEADING, header:ignore, 0, 0, 0
480, bloxysstructures:illager_village, MONSTER, minecraft:pillager, 10, 1, 2
481, bloxysstructures:illager_village, MONSTER, minecraft:vindicator, 15, 1, 2
482, bloxysstructures:illager_village, MONSTER, minecraft:evoker, 10, 1, 2
483, bloxysstructures:illager_village, MONSTER, minecraft:ravager, 15, 1, 2
484, dungeons_arise:illager_windmill, HEADING, header:ignore, 0, 0, 0
485, illagerinvasion:illusioner_tower, HEADING, header:ignore, 0, 0, 0
486, born_in_chaos_v1:infernal_pumpkin, HEADING, header:ignore, 0, 0, 0
487, terramity:infested_laboratory, HEADING, header:ignore, 0, 0, 0
488, dungeons_arise:infested_temple, HEADING, header:ignore, 0, 0, 0
489, world:insanetree, HEADING, header:ignore, 0, 0, 0
490, u_sea:island/cold/glacier, HEADING, header:ignore, 0, 0, 0
491, u_sea:island/warm/hill, HEADING, header:ignore, 0, 0, 0
492, u_sea:island/warm/tower, HEADING, header:ignore, 0, 0, 0
493, world:it_2, HEADING, header:ignore, 0, 0, 0
494, mss:jungle, HEADING, header:ignore, 0, 0, 0
495, terrariastructures:jungle_cabin_large, HEADING, header:ignore, 0, 0, 0
496, terrariastructures:jungle_cabin_medium, HEADING, header:ignore, 0, 0, 0
497, terrariastructures:jungle_cabin_small, HEADING, header:ignore, 0, 0, 0
498, piglet_structures:jungle_food_store, HEADING, header:ignore, 0, 0, 0
499, ati_structures:jungle_grotto, HEADING, header:ignore, 0, 0, 0
500, piglet_structures:jungle_house, HEADING, header:ignore, 0, 0, 0
501, dungeons_enhanced:jungle_monument, HEADING, header:ignore, 0, 0, 0
502, minecraft:jungle_pyramid, HEADING, header:ignore, 0, 0, 0
503, piglet_structures:jungle_ruins, HEADING, header:ignore, 0, 0, 0
504, ati_structures:jungle_settlement, HEADING, header:ignore, 0, 0, 0
505, piglet_structures:jungle_small_tower, HEADING, header:ignore, 0, 0, 0
506, mvs:jungle_tower, HEADING, header:ignore, 0, 0, 0
507, dungeons_arise:jungle_tree_house, HEADING, header:ignore, 0, 0, 0
508, qrafty:jungle_treehouse, HEADING, header:ignore, 0, 0, 0
509, qrafty:jungle_treevillage, HEADING, header:ignore, 0, 0, 0
510, piglet_structures:jungle_volcano, HEADING, header:ignore, 0, 0, 0
511, create_ltab:jungle_well, HEADING, header:ignore, 0, 0, 0
512, dungeons_arise:keep_kayra, HEADING, header:ignore, 0, 0, 0
513, glorious_creatures:knight_outpost, HEADING, header:ignore, 0, 0, 0
514, idas:labyrinth, HEADING, header:ignore, 0, 0, 0
515, illagerinvasion:labyrinth, HEADING, header:ignore, 0, 0, 0
516, valarian_conquest:lancastiancastle, HEADING, header:ignore, 0, 0, 0
517, valarian_conquest:lancastianoutpost, HEADING, header:ignore, 0, 0, 0
518, mvs:lantern/medium_oak_lantern, HEADING, header:ignore, 0, 0, 0
519, mvs:lantern/small_acacia_lantern, HEADING, header:ignore, 0, 0, 0
520, mvs:lantern/small_bamboo_lantern, HEADING, header:ignore, 0, 0, 0
521, mvs:lantern/small_birch_lantern, HEADING, header:ignore, 0, 0, 0
522, mvs:lantern/small_campfire_lantern, HEADING, header:ignore, 0, 0, 0
523, mvs:lantern/small_cherry_lantern, HEADING, header:ignore, 0, 0, 0
524, mvs:lantern/small_dark_oak_lantern, HEADING, header:ignore, 0, 0, 0
525, mvs:lantern/small_jungle_lantern, HEADING, header:ignore, 0, 0, 0
526, mvs:lantern/small_mangrove_lantern, HEADING, header:ignore, 0, 0, 0
527, mvs:lantern/small_oak_lantern, HEADING, header:ignore, 0, 0, 0
528, mvs:lantern/small_spruce_lantern, HEADING, header:ignore, 0, 0, 0
529, ctov:large/village_beach, HEADING, header:ignore, 0, 0, 0
530, ctov:large/village_christmas, HEADING, header:ignore, 0, 0, 0
531, ctov:large/village_dark_forest, HEADING, header:ignore, 0, 0, 0
532, ctov:large/village_desert, HEADING, header:ignore, 0, 0, 0
533, ctov:large/village_desert_oasis, HEADING, header:ignore, 0, 0, 0
534, ctov:large/village_jungle, HEADING, header:ignore, 0, 0, 0
535, ctov:large/village_jungle_tree, HEADING, header:ignore, 0, 0, 0
536, ctov:large/village_mesa, HEADING, header:ignore, 0, 0, 0
537, ctov:large/village_mesa_fortified, HEADING, header:ignore, 0, 0, 0
538, ctov:large/village_mountain, HEADING, header:ignore, 0, 0, 0
539, ctov:large/village_mountain_alpine, HEADING, header:ignore, 0, 0, 0
540, ctov:large/village_mushroom, HEADING, header:ignore, 0, 0, 0
541, ctov:large/village_plains, HEADING, header:ignore, 0, 0, 0
542, ctov:large/village_plains_fortified, HEADING, header:ignore, 0, 0, 0
543, ctov:large/village_savanna, HEADING, header:ignore, 0, 0, 0
544, ctov:large/village_savanna_na, HEADING, header:ignore, 0, 0, 0
545, ctov:large/village_snowy_igloo, HEADING, header:ignore, 0, 0, 0
546, ctov:large/village_swamp, HEADING, header:ignore, 0, 0, 0
547, ctov:large/village_swamp_fortified, HEADING, header:ignore, 0, 0, 0
548, ctov:large/village_taiga, HEADING, header:ignore, 0, 0, 0
549, ctov:large/village_taiga_fortified, HEADING, header:ignore, 0, 0, 0
550, ctov:large/village_underground, HEADING, header:ignore, 0, 0, 0
551, mns:large_blackstone_pillars, HEADING, header:ignore, 0, 0, 0
552, mns:large_blackstone_walls, HEADING, header:ignore, 0, 0, 0
553, dungeons_enhanced:large_dungeon, HEADING, header:ignore, 0, 0, 0
554, compatstructures:large_island, HEADING, header:ignore, 0, 0, 0
555, mns:large_nether_brick, HEADING, header:ignore, 0, 0, 0
556, formationsoverworld:large_temple, HEADING, header:ignore, 0, 0, 0
557, mss:large_tower, HEADING, header:ignore, 0, 0, 0
558, legendary_monsters:lava_eater_spawn, HEADING, header:ignore, 0, 0, 0
559, mns:lava_pool, HEADING, header:ignore, 0, 0, 0
560, mss:leaf_hollow, HEADING, header:ignore, 0, 0, 0
561, compatstructures:life_monument, HEADING, header:ignore, 0, 0, 0
562, ati_structures:lighthouse, HEADING, header:ignore, 0, 0, 0
563, ati_structures:lighthouse, MONSTER, minecraft:pig, 10, 4, 5
564, dungeons_arise:lighthouse, HEADING, header:ignore, 0, 0, 0
565, u_sea:lighthouse, HEADING, header:ignore, 0, 0, 0
566, terrariastructures:living_tree, HEADING, header:ignore, 0, 0, 0
567, mvs:log_pile/acacia_log_pile, HEADING, header:ignore, 0, 0, 0
568, mvs:log_pile/birch_log_pile, HEADING, header:ignore, 0, 0, 0
569, mvs:log_pile/dark_oak_log_pile, HEADING, header:ignore, 0, 0, 0
570, mvs:log_pile/jungle_log_pile, HEADING, header:ignore, 0, 0, 0
571, mvs:log_pile/oak_log_pile, HEADING, header:ignore, 0, 0, 0
572, mvs:log_pile/spruce_log_pile, HEADING, header:ignore, 0, 0, 0
573, formationsoverworld:log_shelter, HEADING, header:ignore, 0, 0, 0
574, formationsoverworld:log_spikes, HEADING, header:ignore, 0, 0, 0
575, sakes_structures:lone_campfire, HEADING, header:ignore, 0, 0, 0
576, sakes_structures:lone_cartographer_hut, HEADING, header:ignore, 0, 0, 0
577, sakes_structures:lone_farm, HEADING, header:ignore, 0, 0, 0
578, sakes_structures:lone_tent, HEADING, header:ignore, 0, 0, 0
579, sakes_structures:lone_well, HEADING, header:ignore, 0, 0, 0
580, compatstructures:lost_honey, HEADING, header:ignore, 0, 0, 0
581, idas:lumber_camp/lumber_camp_acacia, HEADING, header:ignore, 0, 0, 0
582, idas:lumber_camp/lumber_camp_birch, HEADING, header:ignore, 0, 0, 0
583, idas:lumber_camp/lumber_camp_bopmahogany, HEADING, header:ignore, 0, 0, 0
584, idas:lumber_camp/lumber_camp_bopredwood, HEADING, header:ignore, 0, 0, 0
585, idas:lumber_camp/lumber_camp_bygmahogany, HEADING, header:ignore, 0, 0, 0
586, idas:lumber_camp/lumber_camp_bygredwood, HEADING, header:ignore, 0, 0, 0
587, idas:lumber_camp/lumber_camp_dark_oak, HEADING, header:ignore, 0, 0, 0
588, idas:lumber_camp/lumber_camp_jungle, HEADING, header:ignore, 0, 0, 0
589, idas:lumber_camp/lumber_camp_oak, HEADING, header:ignore, 0, 0, 0
590, idas:lumber_camp/lumber_camp_spruce, HEADING, header:ignore, 0, 0, 0
591, qrafty:lush_ice, HEADING, header:ignore, 0, 0, 0
592, terralith:mage_complex, HEADING, header:ignore, 0, 0, 0
593, terralith:mage_tower, HEADING, header:ignore, 0, 0, 0
594, terralith:mage_tower_autumn, HEADING, header:ignore, 0, 0, 0
595, terralith:mage_tower_spring, HEADING, header:ignore, 0, 0, 0
596, terralith:mage_tower_summer, HEADING, header:ignore, 0, 0, 0
597, terralith:mage_tower_winter, HEADING, header:ignore, 0, 0, 0
598, mss:mangrove, HEADING, header:ignore, 0, 0, 0
599, create_ltab:mangrove_structures, HEADING, header:ignore, 0, 0, 0
600, qrafty:mangrove_watchtower, HEADING, header:ignore, 0, 0, 0
601, ati_structures:manor, HEADING, header:ignore, 0, 0, 0
602, ati_structures:manor, MONSTER, minecraft:pillager, 10, 1, 1
603, minecraft:mansion, HEADING, header:ignore, 0, 0, 0
604, ati_structures:marble_chateau, HEADING, header:ignore, 0, 0, 0
605, world:mashrooms, HEADING, header:ignore, 0, 0, 0
606, world:mashrooms_2, HEADING, header:ignore, 0, 0, 0
607, idas:mason_house, HEADING, header:ignore, 0, 0, 0
608, iceandfire:mausoleum, HEADING, header:ignore, 0, 0, 0
609, terramity:mausoleum, HEADING, header:ignore, 0, 0, 0
610, qrafty:maya, HEADING, header:ignore, 0, 0, 0
611, dungeons_arise:mechanical_nest, HEADING, header:ignore, 0, 0, 0
612, ctov:medium/village_beach, HEADING, header:ignore, 0, 0, 0
613, ctov:medium/village_christmas, HEADING, header:ignore, 0, 0, 0
614, ctov:medium/village_dark_forest, HEADING, header:ignore, 0, 0, 0
615, ctov:medium/village_desert, HEADING, header:ignore, 0, 0, 0
616, ctov:medium/village_desert_oasis, HEADING, header:ignore, 0, 0, 0
617, ctov:medium/village_jungle, HEADING, header:ignore, 0, 0, 0
618, ctov:medium/village_jungle_tree, HEADING, header:ignore, 0, 0, 0
619, ctov:medium/village_mesa, HEADING, header:ignore, 0, 0, 0
620, ctov:medium/village_mesa_fortified, HEADING, header:ignore, 0, 0, 0
621, ctov:medium/village_mountain, HEADING, header:ignore, 0, 0, 0
622, ctov:medium/village_mountain_alpine, HEADING, header:ignore, 0, 0, 0
623, ctov:medium/village_mushroom, HEADING, header:ignore, 0, 0, 0
624, ctov:medium/village_plains, HEADING, header:ignore, 0, 0, 0
625, ctov:medium/village_plains_fortified, HEADING, header:ignore, 0, 0, 0
626, ctov:medium/village_savanna, HEADING, header:ignore, 0, 0, 0
627, ctov:medium/village_savanna_na, HEADING, header:ignore, 0, 0, 0
628, ctov:medium/village_snowy_igloo, HEADING, header:ignore, 0, 0, 0
629, ctov:medium/village_swamp, HEADING, header:ignore, 0, 0, 0
630, ctov:medium/village_swamp_fortified, HEADING, header:ignore, 0, 0, 0
631, ctov:medium/village_taiga, HEADING, header:ignore, 0, 0, 0
632, ctov:medium/village_taiga_fortified, HEADING, header:ignore, 0, 0, 0
633, ctov:medium/village_underground, HEADING, header:ignore, 0, 0, 0
634, mns:medium_blackstone, HEADING, header:ignore, 0, 0, 0
635, mns:medium_crimson_fungus, HEADING, header:ignore, 0, 0, 0
636, mns:medium_crimson_fungus_2, HEADING, header:ignore, 0, 0, 0
637, mns:medium_crimson_well, HEADING, header:ignore, 0, 0, 0
638, mns:medium_house, HEADING, header:ignore, 0, 0, 0
639, mns:medium_house_2, HEADING, header:ignore, 0, 0, 0
640, mns:medium_warped_fungus, HEADING, header:ignore, 0, 0, 0
641, mns:medium_warped_fungus_2, HEADING, header:ignore, 0, 0, 0
642, mns:medium_warped_well, HEADING, header:ignore, 0, 0, 0
643, piglet_structures:mega_taiga_ancient_village, HEADING, header:ignore, 0, 0, 0
644, piglet_structures:mega_taiga_ruins, HEADING, header:ignore, 0, 0, 0
645, dungeons_arise:merchant_campsite, HEADING, header:ignore, 0, 0, 0
646, formationsoverworld:mesoamerican_temple, HEADING, header:ignore, 0, 0, 0
647, formationsoverworld:meteor, HEADING, header:ignore, 0, 0, 0
648, towns_and_towers:mimic_desert, HEADING, header:ignore, 0, 0, 0
649, dungeons_enhanced:miners_house, HEADING, header:ignore, 0, 0, 0
650, minecraft:mineshaft, HEADING, header:ignore, 0, 0, 0
651, minecraft:mineshaft_mesa, HEADING, header:ignore, 0, 0, 0
652, create_structures_arise:minetrain, HEADING, header:ignore, 0, 0, 0
653, dungeons_arise:mining_system, HEADING, header:ignore, 0, 0, 0
654, pumpeddesertremake:minisakul, HEADING, header:ignore, 0, 0, 0
655, dungeons_arise:monastery, HEADING, header:ignore, 0, 0, 0
656, ati_structures:monastery_tower, HEADING, header:ignore, 0, 0, 0
657, dungeons_enhanced:monster_maze, HEADING, header:ignore, 0, 0, 0
658, minecraft:monument, HEADING, header:ignore, 0, 0, 0
659, minecraft:monument, MONSTER, minecraft:guardian, 10, 2, 4
660, ati_structures:mosque, HEADING, header:ignore, 0, 0, 0
661, ati_structures:mosque, MONSTER, minecraft:pig, 10, 4, 5
662, legendary_monsters:mossy_temple, HEADING, header:ignore, 0, 0, 0
663, bloxysstructures:mothership, HEADING, header:ignore, 0, 0, 0
664, born_in_chaos_v1:mound_of_hounds, HEADING, header:ignore, 0, 0, 0
665, piglet_structures:mountains_house, HEADING, header:ignore, 0, 0, 0
666, piglet_structures:mountains_observation_tower, HEADING, header:ignore, 0, 0, 0
667, piglet_structures:mountains_ruins, HEADING, header:ignore, 0, 0, 0
668, compatstructures:mud_parkour, HEADING, header:ignore, 0, 0, 0
669, ati_structures:mud_tower, HEADING, header:ignore, 0, 0, 0
670, terramity:mudhut, HEADING, header:ignore, 0, 0, 0
671, mss:mushroom, HEADING, header:ignore, 0, 0, 0
672, dungeons_arise:mushroom_house, HEADING, header:ignore, 0, 0, 0
673, dungeons_enhanced:mushroom_house, HEADING, header:ignore, 0, 0, 0
674, formationsoverworld:mushroom_hut, HEADING, header:ignore, 0, 0, 0
675, dungeons_arise:mushroom_mines, HEADING, header:ignore, 0, 0, 0
676, dungeons_arise:mushroom_village, HEADING, header:ignore, 0, 0, 0
677, mvs:nature/acacia_tree, HEADING, header:ignore, 0, 0, 0
678, mvs:nature/big_oak_tree, HEADING, header:ignore, 0, 0, 0
679, mvs:nature/birch_tree, HEADING, header:ignore, 0, 0, 0
680, mvs:nature/boulder, HEADING, header:ignore, 0, 0, 0
681, mvs:nature/cherry_tree, HEADING, header:ignore, 0, 0, 0
682, mvs:nature/dark_oak_tree, HEADING, header:ignore, 0, 0, 0
683, mvs:nature/floating_islands, HEADING, header:ignore, 0, 0, 0
684, mvs:nature/jungle_palm_tree, HEADING, header:ignore, 0, 0, 0
685, mvs:nature/jungle_tree, HEADING, header:ignore, 0, 0, 0
686, mvs:nature/large_mushroom, HEADING, header:ignore, 0, 0, 0
687, mvs:nature/mushroom_pond, HEADING, header:ignore, 0, 0, 0
688, mvs:nature/oak_tree, HEADING, header:ignore, 0, 0, 0
689, mvs:nature/paths, HEADING, header:ignore, 0, 0, 0
690, mvs:nature/small_oak_pond, HEADING, header:ignore, 0, 0, 0
691, mvs:nature/spruce_tree, HEADING, header:ignore, 0, 0, 0
692, mvs:nature/stone_rock, HEADING, header:ignore, 0, 0, 0
693, idas:necromancers_spire, HEADING, header:ignore, 0, 0, 0
694, idas:necromancers_spire, MONSTER, quark:wraith, 10, 1, 1
695, compatstructures:nest_amphithere, HEADING, header:ignore, 0, 0, 0
696, compatstructures:nest_fire_dragon, HEADING, header:ignore, 0, 0, 0
697, compatstructures:nest_ice_dragon, HEADING, header:ignore, 0, 0, 0
698, compatstructures:nest_light_dragon, HEADING, header:ignore, 0, 0, 0
699, compatstructures:nest_sea, HEADING, header:ignore, 0, 0, 0
700, battle_towers:nether, HEADING, header:ignore, 0, 0, 0
701, trek:nether/common/nether_pillar, HEADING, header:ignore, 0, 0, 0
702, trek:nether/medium/overworld_leak_1, HEADING, header:ignore, 0, 0, 0
703, trek:nether/medium/overworld_leak_2, HEADING, header:ignore, 0, 0, 0
704, the_pillager_legion_:nether_fortress, HEADING, header:ignore, 0, 0, 0
705, minecraft:nether_fossil, HEADING, header:ignore, 0, 0, 0
706, the_pillager_legion_:nether_outpost, HEADING, header:ignore, 0, 0, 0
707, mss:nether_portal, HEADING, header:ignore, 0, 0, 0
708, the_pillager_legion_:nether_portal, HEADING, header:ignore, 0, 0, 0
709, piglet_structures:neutral_overworld_ancient_skeleton_fortress, HEADING, header:ignore, 0, 0, 0
710, piglet_structures:neutral_overworld_mossy_skeleton, HEADING, header:ignore, 0, 0, 0
711, piglet_structures:neutral_overworld_skeleton, HEADING, header:ignore, 0, 0, 0
712, compatstructures:nexus, HEADING, header:ignore, 0, 0, 0
713, idas:nexus, HEADING, header:ignore, 0, 0, 0
714, idas:nexus, MONSTER, minecraft:silverfish, 10, 1, 4
715, idas:nexus, MONSTER, quark:wraith, 10, 1, 4
716, ati_structures:nomadic_camp, HEADING, header:ignore, 0, 0, 0
717, valarian_conquest:numeriancastle, HEADING, header:ignore, 0, 0, 0
718, valarian_conquest:numerianoutpost, HEADING, header:ignore, 0, 0, 0
719, humancompanions:oak_birch_house, HEADING, header:ignore, 0, 0, 0
720, humancompanions:oak_house, HEADING, header:ignore, 0, 0, 0
721, piglet_structures:oak_house_1, HEADING, header:ignore, 0, 0, 0
722, piglet_structures:oak_lumberer_dwelling, HEADING, header:ignore, 0, 0, 0
723, piglet_structures:oak_mossy_stone, HEADING, header:ignore, 0, 0, 0
724, piglet_structures:oak_pillager_fort, HEADING, header:ignore, 0, 0, 0
725, piglet_structures:oak_ruins, HEADING, header:ignore, 0, 0, 0
726, piglet_structures:oak_stone_circle, HEADING, header:ignore, 0, 0, 0
727, piglet_structures:oak_tree_house, HEADING, header:ignore, 0, 0, 0
728, qrafty:oasis, HEADING, header:ignore, 0, 0, 0
729, born_in_chaos_v1:observation_tower_forest, HEADING, header:ignore, 0, 0, 0
730, born_in_chaos_v1:observation_tower_plains, HEADING, header:ignore, 0, 0, 0
731, create_structures_arise:obsidiantemple, HEADING, header:ignore, 0, 0, 0
732, piglet_structures:ocean_ancient_andesite_house, HEADING, header:ignore, 0, 0, 0
733, piglet_structures:ocean_crossway_ruins, HEADING, header:ignore, 0, 0, 0
734, minecraft:ocean_ruin_cold, HEADING, header:ignore, 0, 0, 0
735, minecraft:ocean_ruin_warm, HEADING, header:ignore, 0, 0, 0
736, piglet_structures:ocean_ruins, HEADING, header:ignore, 0, 0, 0
737, piglet_structures:ocean_ruins_monument, HEADING, header:ignore, 0, 0, 0
738, piglet_structures:ocean_ruins_piglet, HEADING, header:ignore, 0, 0, 0
739, formationsoverworld:offering, HEADING, header:ignore, 0, 0, 0
740, ati_structures:old_fort, HEADING, header:ignore, 0, 0, 0
741, ati_structures:old_home, HEADING, header:ignore, 0, 0, 0
742, ati_structures:old_home, MONSTER, minecraft:pig, 10, 4, 5
743, ati_structures:old_residence, HEADING, header:ignore, 0, 0, 0
744, qrafty:orbital, HEADING, header:ignore, 0, 0, 0
745, valarian_conquest:orc_fort, HEADING, header:ignore, 0, 0, 0
746, orc_hut:orc_hut, HEADING, header:ignore, 0, 0, 0
747, valarian_conquest:orc_outpost, HEADING, header:ignore, 0, 0, 0
748, mvs:other_decoration/bee_dome, HEADING, header:ignore, 0, 0, 0
749, mvs:other_decoration/bench, HEADING, header:ignore, 0, 0, 0
750, mvs:other_decoration/campsite, HEADING, header:ignore, 0, 0, 0
751, mvs:other_decoration/crimson_enchanting_table, HEADING, header:ignore, 0, 0, 0
752, mvs:other_decoration/desert_pump, HEADING, header:ignore, 0, 0, 0
753, mvs:other_decoration/duck, HEADING, header:ignore, 0, 0, 0
754, mvs:other_decoration/end_scraps/end_scraps_1, HEADING, header:ignore, 0, 0, 0
755, mvs:other_decoration/end_scraps/end_scraps_2, HEADING, header:ignore, 0, 0, 0
756, mvs:other_decoration/end_scraps/end_scraps_3, HEADING, header:ignore, 0, 0, 0
757, mvs:other_decoration/end_scraps/end_scraps_4, HEADING, header:ignore, 0, 0, 0
758, mvs:other_decoration/fire_camp, HEADING, header:ignore, 0, 0, 0
759, mvs:other_decoration/fox_hut, HEADING, header:ignore, 0, 0, 0
760, mvs:other_decoration/haystack, HEADING, header:ignore, 0, 0, 0
761, mvs:other_decoration/horse_campsite, HEADING, header:ignore, 0, 0, 0
762, mvs:other_decoration/lamp_chest, HEADING, header:ignore, 0, 0, 0
763, mvs:other_decoration/lecturn_garden, HEADING, header:ignore, 0, 0, 0
764, mvs:other_decoration/mine_with_campsite, HEADING, header:ignore, 0, 0, 0
765, mvs:other_decoration/mushroom_statue, HEADING, header:ignore, 0, 0, 0
766, mvs:other_decoration/nether_devil, HEADING, header:ignore, 0, 0, 0
767, mvs:other_decoration/pile, HEADING, header:ignore, 0, 0, 0
768, mvs:other_decoration/snowy_dog_hut, HEADING, header:ignore, 0, 0, 0
769, mvs:other_decoration/snowy_fossil, HEADING, header:ignore, 0, 0, 0
770, mvs:other_decoration/stone_bee, HEADING, header:ignore, 0, 0, 0
771, mvs:other_decoration/villager_statue, HEADING, header:ignore, 0, 0, 0
772, mvs:other_decoration/wheat_grain_bin, HEADING, header:ignore, 0, 0, 0
773, mvs:other_decoration/windmill, HEADING, header:ignore, 0, 0, 0
774, mvs:other_decoration/wooden_wheat_farm, HEADING, header:ignore, 0, 0, 0
775, mvs:out_house, HEADING, header:ignore, 0, 0, 0
776, terramity:overgrown_facility, HEADING, header:ignore, 0, 0, 0
777, ati_structures:overgrown_outpost, HEADING, header:ignore, 0, 0, 0
778, battle_towers:overworld, HEADING, header:ignore, 0, 0, 0
779, trek:overworld/common/cooking_pork, HEADING, header:ignore, 0, 0, 0
780, trek:overworld/common/elven_pillars, HEADING, header:ignore, 0, 0, 0
781, trek:overworld/common/elven_pillars, MONSTER, minecraft:pillager, 10, 1, 1
782, trek:overworld/common/frozen_remains, HEADING, header:ignore, 0, 0, 0
783, trek:overworld/common/mushroom_house, HEADING, header:ignore, 0, 0, 0
784, trek:overworld/common/ruins, HEADING, header:ignore, 0, 0, 0
785, trek:overworld/common/small_desert_ruins, HEADING, header:ignore, 0, 0, 0
786, trek:overworld/common/small_swamp_ruins, HEADING, header:ignore, 0, 0, 0
787, trek:overworld/common/smoldering_altar, HEADING, header:ignore, 0, 0, 0
788, trek:overworld/common/strange_stone, HEADING, header:ignore, 0, 0, 0
789, trek:overworld/common/termite_hill, HEADING, header:ignore, 0, 0, 0
790, trek:overworld/common/two_woods, HEADING, header:ignore, 0, 0, 0
791, trek:overworld/common/well, HEADING, header:ignore, 0, 0, 0
792, trek:overworld/common/well_pillager_small, HEADING, header:ignore, 0, 0, 0
793, trek:overworld/medium/all_abandoned, HEADING, header:ignore, 0, 0, 0
794, trek:overworld/medium/base_1, HEADING, header:ignore, 0, 0, 0
795, trek:overworld/medium/base_2, HEADING, header:ignore, 0, 0, 0
796, trek:overworld/medium/base_pillager, HEADING, header:ignore, 0, 0, 0
797, trek:overworld/medium/base_pillager, MONSTER, minecraft:pillager, 10, 1, 1
798, trek:overworld/medium/base_pillager, MONSTER, minecraft:vindicator, 10, 1, 1
799, trek:overworld/medium/beehive_house, HEADING, header:ignore, 0, 0, 0
800, trek:overworld/medium/birch_fort, HEADING, header:ignore, 0, 0, 0
801, trek:overworld/medium/birch_trade, HEADING, header:ignore, 0, 0, 0
802, trek:overworld/medium/bone_dragon, HEADING, header:ignore, 0, 0, 0
803, trek:overworld/medium/buried_village, HEADING, header:ignore, 0, 0, 0
804, trek:overworld/medium/camp_1, HEADING, header:ignore, 0, 0, 0
805, trek:overworld/medium/camp_2, HEADING, header:ignore, 0, 0, 0
806, trek:overworld/medium/camp_3, HEADING, header:ignore, 0, 0, 0
807, trek:overworld/medium/camp_4, HEADING, header:ignore, 0, 0, 0
808, trek:overworld/medium/church, HEADING, header:ignore, 0, 0, 0
809, trek:overworld/medium/claw_pillager, HEADING, header:ignore, 0, 0, 0
810, trek:overworld/medium/claw_spike, HEADING, header:ignore, 0, 0, 0
811, trek:overworld/medium/cold_hideout, HEADING, header:ignore, 0, 0, 0
812, trek:overworld/medium/cold_hideout, MONSTER, minecraft:stray, 10, 1, 1
813, trek:overworld/medium/cold_red_trade, HEADING, header:ignore, 0, 0, 0
814, trek:overworld/medium/dark_oak_trade, HEADING, header:ignore, 0, 0, 0
815, trek:overworld/medium/desert_outpost, HEADING, header:ignore, 0, 0, 0
816, trek:overworld/medium/desert_outpost, MONSTER, minecraft:pillager, 10, 1, 1
817, trek:overworld/medium/desert_outpost, MONSTER, minecraft:vindicator, 10, 1, 1
818, trek:overworld/medium/desert_ranch, HEADING, header:ignore, 0, 0, 0
819, trek:overworld/medium/destroyed_house, HEADING, header:ignore, 0, 0, 0
820, trek:overworld/medium/dirt_hut, HEADING, header:ignore, 0, 0, 0
821, trek:overworld/medium/enchanter, HEADING, header:ignore, 0, 0, 0
822, trek:overworld/medium/explorer_cabin, HEADING, header:ignore, 0, 0, 0
823, trek:overworld/medium/farm, HEADING, header:ignore, 0, 0, 0
824, trek:overworld/medium/farm_pillager, HEADING, header:ignore, 0, 0, 0
825, trek:overworld/medium/fort, HEADING, header:ignore, 0, 0, 0
826, trek:overworld/medium/fort, MONSTER, minecraft:pillager, 10, 1, 1
827, trek:overworld/medium/frozen_tree, HEADING, header:ignore, 0, 0, 0
828, trek:overworld/medium/graveyard, HEADING, header:ignore, 0, 0, 0
829, trek:overworld/medium/haunted_house, HEADING, header:ignore, 0, 0, 0
830, trek:overworld/medium/hobbit_hole, HEADING, header:ignore, 0, 0, 0
831, trek:overworld/medium/ice_fort, HEADING, header:ignore, 0, 0, 0
832, trek:overworld/medium/ice_fort, MONSTER, minecraft:stray, 10, 1, 1
833, trek:overworld/medium/igloo_village, HEADING, header:ignore, 0, 0, 0
834, trek:overworld/medium/jungle_outpost, HEADING, header:ignore, 0, 0, 0
835, trek:overworld/medium/jungle_outpost, MONSTER, minecraft:pillager, 10, 1, 1
836, trek:overworld/medium/jungle_outpost, MONSTER, minecraft:vindicator, 10, 1, 1
837, trek:overworld/medium/jungle_trade, HEADING, header:ignore, 0, 0, 0
838, trek:overworld/medium/jungle_treehouse, HEADING, header:ignore, 0, 0, 0
839, trek:overworld/medium/lush_ice, HEADING, header:ignore, 0, 0, 0
840, trek:overworld/medium/maison, HEADING, header:ignore, 0, 0, 0
841, trek:overworld/medium/mangrove_watchtower, HEADING, header:ignore, 0, 0, 0
842, trek:overworld/medium/mangrove_watchtower, MONSTER, minecraft:pillager, 10, 1, 1
843, trek:overworld/medium/oasis, HEADING, header:ignore, 0, 0, 0
844, trek:overworld/medium/offshore_platform_pillager, HEADING, header:ignore, 0, 0, 0
845, trek:overworld/medium/offshore_platform_pillager, MONSTER, minecraft:pillager, 10, 1, 1
846, trek:overworld/medium/offshore_platform_pillager, MONSTER, minecraft:vindicator, 10, 1, 1
847, trek:overworld/medium/orbital, HEADING, header:ignore, 0, 0, 0
848, trek:overworld/medium/pillager_old_camp, HEADING, header:ignore, 0, 0, 0
849, trek:overworld/medium/pillager_old_camp, MONSTER, minecraft:pillager, 10, 1, 1
850, trek:overworld/medium/pillager_weapons, HEADING, header:ignore, 0, 0, 0
851, trek:overworld/medium/plains_cottage, HEADING, header:ignore, 0, 0, 0
852, trek:overworld/medium/railroad, HEADING, header:ignore, 0, 0, 0
853, trek:overworld/medium/ritual, HEADING, header:ignore, 0, 0, 0
854, trek:overworld/medium/ruine_bateaux, HEADING, header:ignore, 0, 0, 0
855, trek:overworld/medium/ruine_cabane, HEADING, header:ignore, 0, 0, 0
856, trek:overworld/medium/ruine_tour, HEADING, header:ignore, 0, 0, 0
857, trek:overworld/medium/ship_pillager, HEADING, header:ignore, 0, 0, 0
858, trek:overworld/medium/ship_pillager, MONSTER, minecraft:pillager, 10, 1, 1
859, trek:overworld/medium/small_pyramide, HEADING, header:ignore, 0, 0, 0
860, trek:overworld/medium/small_red_trade, HEADING, header:ignore, 0, 0, 0
861, trek:overworld/medium/snow_cottage, HEADING, header:ignore, 0, 0, 0
862, trek:overworld/medium/snowman, HEADING, header:ignore, 0, 0, 0
863, trek:overworld/medium/sorcerers_house, HEADING, header:ignore, 0, 0, 0
864, trek:overworld/medium/sorcerers_house, AMBIENT, minecraft:bat, 10, 3, 3
865, trek:overworld/medium/spruce_camp, HEADING, header:ignore, 0, 0, 0
866, trek:overworld/medium/spruce_cottage, HEADING, header:ignore, 0, 0, 0
867, trek:overworld/medium/square_tower, HEADING, header:ignore, 0, 0, 0
868, trek:overworld/medium/star_spike, HEADING, header:ignore, 0, 0, 0
869, trek:overworld/medium/stelzen, HEADING, header:ignore, 0, 0, 0
870, trek:overworld/medium/stonehedge, HEADING, header:ignore, 0, 0, 0
871, trek:overworld/medium/strange_house, HEADING, header:ignore, 0, 0, 0
872, trek:overworld/medium/strange_house, AMBIENT, minecraft:bat, 10, 2, 2
873, trek:overworld/medium/street_vendor_pillager, HEADING, header:ignore, 0, 0, 0
874, trek:overworld/medium/street_vendor_pillager, MISC, minecraft:wandering_trader, 10, 1, 1
875, trek:overworld/medium/street_vendor_stall, HEADING, header:ignore, 0, 0, 0
876, trek:overworld/medium/street_vendor_stall, MISC, minecraft:wandering_trader, 10, 1, 1
877, trek:overworld/medium/three_finger_ice, HEADING, header:ignore, 0, 0, 0
878, trek:overworld/medium/tour, HEADING, header:ignore, 0, 0, 0
879, trek:overworld/medium/tour, MONSTER, minecraft:skeleton, 10, 1, 1
880, trek:overworld/medium/tour_desert, HEADING, header:ignore, 0, 0, 0
881, trek:overworld/medium/tour_desert, MONSTER, minecraft:husk, 10, 1, 1
882, trek:overworld/medium/tower, HEADING, header:ignore, 0, 0, 0
883, trek:overworld/medium/tower_of_ice, HEADING, header:ignore, 0, 0, 0
884, trek:overworld/medium/tower_of_ice, MONSTER, minecraft:stray, 10, 1, 1
885, trek:overworld/medium/underwater_sword, HEADING, header:ignore, 0, 0, 0
886, trek:overworld/medium/wandering_trader_dark_oak, HEADING, header:ignore, 0, 0, 0
887, trek:overworld/medium/wandering_trader_dark_oak, MISC, minecraft:wandering_trader, 10, 1, 1
888, trek:overworld/medium/wandering_trader_oak, HEADING, header:ignore, 0, 0, 0
889, trek:overworld/medium/wandering_trader_oak, MISC, minecraft:wandering_trader, 10, 1, 1
890, trek:overworld/medium/wandering_trader_spruce, HEADING, header:ignore, 0, 0, 0
891, trek:overworld/medium/wandering_trader_spruce, MISC, minecraft:wandering_trader, 10, 1, 1
892, trek:overworld/medium/water_reservoir_pillager, HEADING, header:ignore, 0, 0, 0
893, trek:overworld/medium/well_pillager_medium, HEADING, header:ignore, 0, 0, 0
894, trek:overworld/medium/wild_stone, HEADING, header:ignore, 0, 0, 0
895, trek:overworld/medium/witch_tower, HEADING, header:ignore, 0, 0, 0
896, trek:overworld/medium/witch_tower, MONSTER, minecraft:witch, 10, 1, 1
897, trek:overworld/rare/abandoned_castle_pillager, HEADING, header:ignore, 0, 0, 0
898, trek:overworld/rare/castle, HEADING, header:ignore, 0, 0, 0
899, trek:overworld/rare/castle, MONSTER, minecraft:pillager, 10, 1, 2
900, trek:overworld/rare/castle, MONSTER, minecraft:vindicator, 10, 1, 2
901, trek:overworld/rare/elven_tree, HEADING, header:ignore, 0, 0, 0
902, trek:overworld/rare/elven_tree, MONSTER, minecraft:slime, 10, 1, 1
903, trek:overworld/rare/elven_tree, MISC, minecraft:allay, 10, 1, 1
904, trek:overworld/rare/island_village_1, HEADING, header:ignore, 0, 0, 0
905, trek:overworld/rare/maya, HEADING, header:ignore, 0, 0, 0
906, trek:overworld/rare/mushroom_island, HEADING, header:ignore, 0, 0, 0
907, trek:overworld/rare/pillager_mansion, HEADING, header:ignore, 0, 0, 0
908, trek:overworld/rare/pillager_mansion, MONSTER, minecraft:pillager, 10, 1, 2
909, trek:overworld/rare/pillager_mansion, MONSTER, minecraft:vindicator, 10, 1, 2
910, trek:overworld/rare/pillager_mansion, MONSTER, minecraft:illusioner, 10, 1, 1
911, trek:overworld/rare/portal_sword, HEADING, header:ignore, 0, 0, 0
912, trek:overworld/rare/portal_sword, MONSTER, minecraft:zombified_piglin, 10, 1, 1
913, trek:overworld/rare/pyramide_of_anubis, HEADING, header:ignore, 0, 0, 0
914, trek:overworld/rare/sleepy_island, HEADING, header:ignore, 0, 0, 0
915, trek:overworld/rare/sunken_city, HEADING, header:ignore, 0, 0, 0
916, trek:overworld/rare/tower_island, HEADING, header:ignore, 0, 0, 0
917, trek:overworld/rare/villager_castle, HEADING, header:ignore, 0, 0, 0
918, trek:overworld/rare/villager_fortress, HEADING, header:ignore, 0, 0, 0
919, trek:overworld/rare/villager_island, HEADING, header:ignore, 0, 0, 0
920, trek:overworld/rare/wooden_manor, HEADING, header:ignore, 0, 0, 0
921, trek:overworld/very_common/plains, HEADING, header:ignore, 0, 0, 0
922, trek:overworld/very_common/rocks, HEADING, header:ignore, 0, 0, 0
923, trek:overworld/very_rare/coves, HEADING, header:ignore, 0, 0, 0
924, trek:overworld/very_rare/farm_island, HEADING, header:ignore, 0, 0, 0
925, trek:overworld/very_rare/floating_farm_large, HEADING, header:ignore, 0, 0, 0
926, qrafty:overworld_leak, HEADING, header:ignore, 0, 0, 0
927, keebsz:packed_ice_battletower, HEADING, header:ignore, 0, 0, 0
928, mss:palm_island, HEADING, header:ignore, 0, 0, 0
929, pumpeddesertremake:palm_tree_1, HEADING, header:ignore, 0, 0, 0
930, pumpeddesertremake:palm_tree_2, HEADING, header:ignore, 0, 0, 0
931, sakes_structures:pathlight, HEADING, header:ignore, 0, 0, 0
932, bygonenether:piglin_manor, HEADING, header:ignore, 0, 0, 0
933, bygonenether:piglin_manor, MONSTER, minecraft:piglin, 10, 1, 1
934, bygonenether:piglin_manor, MONSTER, bygonenether:piglin_hunter, 10, 1, 1
935, create_structures_arise:pillager_boat, HEADING, header:ignore, 0, 0, 0
936, dungeons_enhanced:pillager_camp, HEADING, header:ignore, 0, 0, 0
937, dungeons_enhanced:pillager_camp, MONSTER, minecraft:pillager, 10, 2, 3
938, dungeons_enhanced:pillager_camp, MONSTER, minecraft:vindicator, 10, 1, 2
939, idas:pillager_camp, HEADING, header:ignore, 0, 0, 0
940, takesapillage:pillager_camp, HEADING, header:ignore, 0, 0, 0
941, idas:pillager_fortress, HEADING, header:ignore, 0, 0, 0
942, minecraft:pillager_outpost, HEADING, header:ignore, 0, 0, 0
943, minecraft:pillager_outpost, MONSTER, minecraft:pillager, 10, 1, 1
944, minecraft:pillager_outpost, MONSTER, minecraft:vindicator, 10, 1, 1
945, ctov:pillager_outpost_badlands, HEADING, header:ignore, 0, 0, 0
946, ctov:pillager_outpost_badlands, MONSTER, minecraft:pillager, 10, 1, 1
947, ctov:pillager_outpost_badlands, MONSTER, minecraft:evoker, 10, 1, 1
948, ctov:pillager_outpost_badlands, MONSTER, minecraft:vindicator, 10, 1, 1
949, ctov:pillager_outpost_badlands, MONSTER, minecraft:witch, 10, 1, 1
950, towns_and_towers:pillager_outpost_badlands, HEADING, header:ignore, 0, 0, 0
951, towns_and_towers:pillager_outpost_badlands, MONSTER, minecraft:pillager, 10, 1, 2
952, ctov:pillager_outpost_beach, HEADING, header:ignore, 0, 0, 0
953, ctov:pillager_outpost_beach, MONSTER, minecraft:pillager, 10, 1, 1
954, ctov:pillager_outpost_beach, MONSTER, minecraft:evoker, 10, 1, 1
955, ctov:pillager_outpost_beach, MONSTER, minecraft:vindicator, 10, 1, 1
956, ctov:pillager_outpost_beach, MONSTER, minecraft:witch, 10, 1, 1
957, towns_and_towers:pillager_outpost_beach, HEADING, header:ignore, 0, 0, 0
958, towns_and_towers:pillager_outpost_beach, MONSTER, minecraft:pillager, 10, 1, 2
959, towns_and_towers:pillager_outpost_birch_forest, HEADING, header:ignore, 0, 0, 0
960, towns_and_towers:pillager_outpost_birch_forest, MONSTER, minecraft:pillager, 10, 1, 2
961, ctov:pillager_outpost_dark_forest, HEADING, header:ignore, 0, 0, 0
962, ctov:pillager_outpost_dark_forest, MONSTER, minecraft:pillager, 10, 1, 1
963, ctov:pillager_outpost_dark_forest, MONSTER, minecraft:evoker, 10, 1, 1
964, ctov:pillager_outpost_dark_forest, MONSTER, minecraft:vindicator, 10, 1, 1
965, ctov:pillager_outpost_dark_forest, MONSTER, minecraft:witch, 10, 1, 1
966, minecraft:pillager_outpost_dark_forest, HEADING, header:ignore, 0, 0, 0
967, minecraft:pillager_outpost_dark_forest, MONSTER, minecraft:pillager, 10, 1, 1
968, minecraft:pillager_outpost_dark_forest, MONSTER, minecraft:vindicator, 10, 1, 1
969, ctov:pillager_outpost_desert, HEADING, header:ignore, 0, 0, 0
970, ctov:pillager_outpost_desert, MONSTER, minecraft:pillager, 10, 1, 1
971, ctov:pillager_outpost_desert, MONSTER, minecraft:evoker, 10, 1, 1
972, ctov:pillager_outpost_desert, MONSTER, minecraft:vindicator, 10, 1, 1
973, ctov:pillager_outpost_desert, MONSTER, minecraft:witch, 10, 1, 1
974, towns_and_towers:pillager_outpost_desert, HEADING, header:ignore, 0, 0, 0
975, towns_and_towers:pillager_outpost_desert, MONSTER, minecraft:pillager, 10, 1, 2
976, towns_and_towers:pillager_outpost_flower_forest, HEADING, header:ignore, 0, 0, 0
977, towns_and_towers:pillager_outpost_flower_forest, MONSTER, minecraft:pillager, 10, 1, 2
978, minecraft:pillager_outpost_forest, HEADING, header:ignore, 0, 0, 0
979, minecraft:pillager_outpost_forest, MONSTER, minecraft:pillager, 10, 1, 1
980, minecraft:pillager_outpost_forest, MONSTER, minecraft:vindicator, 10, 1, 1
981, towns_and_towers:pillager_outpost_forest, HEADING, header:ignore, 0, 0, 0
982, towns_and_towers:pillager_outpost_forest, MONSTER, minecraft:pillager, 10, 1, 2
983, towns_and_towers:pillager_outpost_grove, HEADING, header:ignore, 0, 0, 0
984, towns_and_towers:pillager_outpost_grove, MONSTER, minecraft:pillager, 10, 1, 2
985, ctov:pillager_outpost_jungle, HEADING, header:ignore, 0, 0, 0
986, ctov:pillager_outpost_jungle, MONSTER, minecraft:pillager, 10, 1, 1
987, ctov:pillager_outpost_jungle, MONSTER, minecraft:evoker, 10, 1, 1
988, ctov:pillager_outpost_jungle, MONSTER, minecraft:vindicator, 10, 1, 1
989, ctov:pillager_outpost_jungle, MONSTER, minecraft:witch, 10, 1, 1
990, towns_and_towers:pillager_outpost_jungle, HEADING, header:ignore, 0, 0, 0
991, towns_and_towers:pillager_outpost_jungle, MONSTER, minecraft:pillager, 10, 1, 2
992, minecraft:pillager_outpost_mangrove, HEADING, header:ignore, 0, 0, 0
993, minecraft:pillager_outpost_mangrove, MONSTER, minecraft:pillager, 10, 1, 1
994, minecraft:pillager_outpost_mangrove, MONSTER, minecraft:vindicator, 10, 1, 1
995, towns_and_towers:pillager_outpost_meadow, HEADING, header:ignore, 0, 0, 0
996, towns_and_towers:pillager_outpost_meadow, MONSTER, minecraft:pillager, 10, 1, 2
997, ctov:pillager_outpost_mesa, HEADING, header:ignore, 0, 0, 0
998, ctov:pillager_outpost_mesa, MONSTER, minecraft:pillager, 10, 1, 1
999, ctov:pillager_outpost_mesa, MONSTER, minecraft:evoker, 10, 1, 1
1000, ctov:pillager_outpost_mesa, MONSTER, minecraft:vindicator, 10, 1, 1
1001, ctov:pillager_outpost_mesa, MONSTER, minecraft:witch, 10, 1, 1
1002, ctov:pillager_outpost_mountain, HEADING, header:ignore, 0, 0, 0
1003, ctov:pillager_outpost_mountain, MONSTER, minecraft:pillager, 10, 1, 1
1004, ctov:pillager_outpost_mountain, MONSTER, minecraft:evoker, 10, 1, 1
1005, ctov:pillager_outpost_mountain, MONSTER, minecraft:vindicator, 10, 1, 1
1006, ctov:pillager_outpost_mountain, MONSTER, minecraft:witch, 10, 1, 1
1007, towns_and_towers:pillager_outpost_mushroom_fields, HEADING, header:ignore, 0, 0, 0
1008, towns_and_towers:pillager_outpost_ocean, HEADING, header:ignore, 0, 0, 0
1009, towns_and_towers:pillager_outpost_ocean, MONSTER, minecraft:pillager, 10, 1, 2
1010, towns_and_towers:pillager_outpost_old_growth_taiga, HEADING, header:ignore, 0, 0, 0
1011, towns_and_towers:pillager_outpost_old_growth_taiga, MONSTER, minecraft:pillager, 10, 1, 2
1012, ctov:pillager_outpost_plains, HEADING, header:ignore, 0, 0, 0
1013, ctov:pillager_outpost_plains, MONSTER, minecraft:pillager, 10, 1, 1
1014, ctov:pillager_outpost_plains, MONSTER, minecraft:evoker, 10, 1, 1
1015, ctov:pillager_outpost_plains, MONSTER, minecraft:vindicator, 10, 1, 1
1016, ctov:pillager_outpost_plains, MONSTER, minecraft:witch, 10, 1, 1
1017, ctov:pillager_outpost_savanna, HEADING, header:ignore, 0, 0, 0
1018, ctov:pillager_outpost_savanna, MONSTER, minecraft:pillager, 10, 1, 1
1019, ctov:pillager_outpost_savanna, MONSTER, minecraft:evoker, 10, 1, 1
1020, ctov:pillager_outpost_savanna, MONSTER, minecraft:vindicator, 10, 1, 1
1021, ctov:pillager_outpost_savanna, MONSTER, minecraft:witch, 10, 1, 1
1022, towns_and_towers:pillager_outpost_savanna, HEADING, header:ignore, 0, 0, 0
1023, towns_and_towers:pillager_outpost_savanna, MONSTER, minecraft:pillager, 10, 1, 2
1024, towns_and_towers:pillager_outpost_savanna_plateau, HEADING, header:ignore, 0, 0, 0
1025, towns_and_towers:pillager_outpost_savanna_plateau, MONSTER, minecraft:pillager, 10, 1, 2
1026, ctov:pillager_outpost_snowy, HEADING, header:ignore, 0, 0, 0
1027, ctov:pillager_outpost_snowy, MONSTER, minecraft:pillager, 10, 1, 1
1028, ctov:pillager_outpost_snowy, MONSTER, minecraft:evoker, 10, 1, 1
1029, ctov:pillager_outpost_snowy, MONSTER, minecraft:vindicator, 10, 1, 1
1030, ctov:pillager_outpost_snowy, MONSTER, minecraft:witch, 10, 1, 1
1031, towns_and_towers:pillager_outpost_snowy_beach, HEADING, header:ignore, 0, 0, 0
1032, towns_and_towers:pillager_outpost_snowy_beach, MONSTER, minecraft:pillager, 10, 1, 2
1033, towns_and_towers:pillager_outpost_snowy_plains, HEADING, header:ignore, 0, 0, 0
1034, towns_and_towers:pillager_outpost_snowy_plains, MONSTER, minecraft:pillager, 10, 1, 2
1035, towns_and_towers:pillager_outpost_snowy_slopes, HEADING, header:ignore, 0, 0, 0
1036, towns_and_towers:pillager_outpost_snowy_slopes, MONSTER, minecraft:pillager, 10, 1, 2
1037, towns_and_towers:pillager_outpost_snowy_taiga, HEADING, header:ignore, 0, 0, 0
1038, towns_and_towers:pillager_outpost_snowy_taiga, MONSTER, minecraft:pillager, 10, 1, 2
1039, towns_and_towers:pillager_outpost_sparse_jungle, HEADING, header:ignore, 0, 0, 0
1040, towns_and_towers:pillager_outpost_sparse_jungle, MONSTER, minecraft:pillager, 10, 1, 2
1041, towns_and_towers:pillager_outpost_sunflower_plains, HEADING, header:ignore, 0, 0, 0
1042, towns_and_towers:pillager_outpost_sunflower_plains, MONSTER, minecraft:pillager, 10, 1, 2
1043, ctov:pillager_outpost_swamp, HEADING, header:ignore, 0, 0, 0
1044, ctov:pillager_outpost_swamp, MONSTER, minecraft:pillager, 10, 1, 1
1045, ctov:pillager_outpost_swamp, MONSTER, minecraft:evoker, 10, 1, 1
1046, ctov:pillager_outpost_swamp, MONSTER, minecraft:vindicator, 10, 1, 1
1047, ctov:pillager_outpost_swamp, MONSTER, minecraft:witch, 10, 1, 1
1048, minecraft:pillager_outpost_swamp, HEADING, header:ignore, 0, 0, 0
1049, minecraft:pillager_outpost_swamp, MONSTER, minecraft:pillager, 10, 1, 1
1050, minecraft:pillager_outpost_swamp, MONSTER, minecraft:vindicator, 10, 1, 1
1051, minecraft:pillager_outpost_swamp, MONSTER, minecraft:vindicator, 10, 1, 1
1052, towns_and_towers:pillager_outpost_swamp, HEADING, header:ignore, 0, 0, 0
1053, towns_and_towers:pillager_outpost_swamp, MONSTER, minecraft:pillager, 10, 1, 2
1054, ctov:pillager_outpost_taiga, HEADING, header:ignore, 0, 0, 0
1055, ctov:pillager_outpost_taiga, MONSTER, minecraft:pillager, 10, 1, 1
1056, ctov:pillager_outpost_taiga, MONSTER, minecraft:evoker, 10, 1, 1
1057, ctov:pillager_outpost_taiga, MONSTER, minecraft:vindicator, 10, 1, 1
1058, ctov:pillager_outpost_taiga, MONSTER, minecraft:witch, 10, 1, 1
1059, towns_and_towers:pillager_outpost_taiga, HEADING, header:ignore, 0, 0, 0
1060, towns_and_towers:pillager_outpost_taiga, MONSTER, minecraft:pillager, 10, 1, 2
1061, towns_and_towers:pillager_outpost_wooded_badlands, HEADING, header:ignore, 0, 0, 0
1062, towns_and_towers:pillager_outpost_wooded_badlands, MONSTER, minecraft:pillager, 10, 1, 2
1063, create_pillagers_arise:pillagercreatetower, HEADING, header:ignore, 0, 0, 0
1064, create_structures_arise:pillagersteampunkairship, HEADING, header:ignore, 0, 0, 0
1065, compatstructures:pink1, HEADING, header:ignore, 0, 0, 0
1066, dungeons_arise_seven_seas:pirate_junk, HEADING, header:ignore, 0, 0, 0
1067, dungeons_enhanced:pirate_ship, HEADING, header:ignore, 0, 0, 0
1068, dungeons_enhanced:pirate_ship, MONSTER, minecraft:pillager, 10, 3, 4
1069, dungeons_enhanced:pirate_ship, MONSTER, minecraft:vindicator, 10, 1, 2
1070, dungeons_arise:plague_asylum, HEADING, header:ignore, 0, 0, 0
1071, qrafty:plains, HEADING, header:ignore, 0, 0, 0
1072, piglet_structures:plains_crafting_site, HEADING, header:ignore, 0, 0, 0
1073, piglet_structures:plains_farming_shed, HEADING, header:ignore, 0, 0, 0
1074, piglet_structures:plains_grass_field, HEADING, header:ignore, 0, 0, 0
1075, piglet_structures:plains_house1, HEADING, header:ignore, 0, 0, 0
1076, piglet_structures:plains_house2, HEADING, header:ignore, 0, 0, 0
1077, piglet_structures:plains_huge_crafting_table, HEADING, header:ignore, 0, 0, 0
1078, piglet_structures:plains_mine_entrance, HEADING, header:ignore, 0, 0, 0
1079, piglet_structures:plains_piglet, HEADING, header:ignore, 0, 0, 0
1080, piglet_structures:plains_ruins, HEADING, header:ignore, 0, 0, 0
1081, piglet_structures:plains_safe, HEADING, header:ignore, 0, 0, 0
1082, piglet_structures:plains_stony_tower, HEADING, header:ignore, 0, 0, 0
1083, valhelsia_structures:player_house, HEADING, header:ignore, 0, 0, 0
1084, sakes_structures:prismarine_hut, HEADING, header:ignore, 0, 0, 0
1085, terramity:prismatic_pond, HEADING, header:ignore, 0, 0, 0
1086, homesteads:prospector_badlands_camp, HEADING, header:ignore, 0, 0, 0
1087, homesteads:prospector_cave_camp, HEADING, header:ignore, 0, 0, 0
1088, ati_structures:pufferfish_cave, HEADING, header:ignore, 0, 0, 0
1089, ati_structures:quarry, HEADING, header:ignore, 0, 0, 0
1090, create_ltab:quarry, HEADING, header:ignore, 0, 0, 0
1091, pumpeddesertremake:quicksandtrap, HEADING, header:ignore, 0, 0, 0
1092, formationsoverworld:raft, HEADING, header:ignore, 0, 0, 0
1093, u_sea:raft/cold/cone_tide_breaker, HEADING, header:ignore, 0, 0, 0
1094, u_sea:raft/cold/tide_breaker, HEADING, header:ignore, 0, 0, 0
1095, u_sea:raft/cold/wide_tide_breaker, HEADING, header:ignore, 0, 0, 0
1096, u_sea:raft/temperate/beam, HEADING, header:ignore, 0, 0, 0
1097, u_sea:raft/temperate/box, HEADING, header:ignore, 0, 0, 0
1098, u_sea:raft/temperate/grid, HEADING, header:ignore, 0, 0, 0
1099, u_sea:raft/warm/cone_skipper, HEADING, header:ignore, 0, 0, 0
1100, u_sea:raft/warm/skipper, HEADING, header:ignore, 0, 0, 0
1101, qrafty:railroad, HEADING, header:ignore, 0, 0, 0
1102, mvs:railway, HEADING, header:ignore, 0, 0, 0
1103, compatstructures:rainbow_corundum, HEADING, header:ignore, 0, 0, 0
1104, keebsz:red_sandstone_battletower, HEADING, header:ignore, 0, 0, 0
1105, idas:redhorn_guild, HEADING, header:ignore, 0, 0, 0
1106, qrafty:relict, HEADING, header:ignore, 0, 0, 0
1107, beachparty:ritual_circle, HEADING, header:ignore, 0, 0, 0
1108, ati_structures:rotten_log, HEADING, header:ignore, 0, 0, 0
1109, ati_structures:rotting_temple, HEADING, header:ignore, 0, 0, 0
1110, ati_structures:rotting_temple, MONSTER, minecraft:zombie, 10, 1, 3
1111, ati_structures:rotting_temple_underground, HEADING, header:ignore, 0, 0, 0
1112, ati_structures:rotting_temple_underground, MONSTER, minecraft:zombie, 10, 1, 3
1113, terralith:rubble_desert, HEADING, header:ignore, 0, 0, 0
1114, terralith:rubble_forest, HEADING, header:ignore, 0, 0, 0
1115, terralith:rubble_jungle, HEADING, header:ignore, 0, 0, 0
1116, terralith:rubble_mesa, HEADING, header:ignore, 0, 0, 0
1117, terralith:rubble_mountain, HEADING, header:ignore, 0, 0, 0
1118, terralith:rubble_taiga, HEADING, header:ignore, 0, 0, 0
1119, bloxysstructures:ruined_adventure_realm_portal, HEADING, header:ignore, 0, 0, 0
1120, dungeons_enhanced:ruined_building, HEADING, header:ignore, 0, 0, 0
1121, ati_structures:ruined_castle, HEADING, header:ignore, 0, 0, 0
1122, idas:ruined_church, HEADING, header:ignore, 0, 0, 0
1123, idas:ruined_fort, HEADING, header:ignore, 0, 0, 0
1124, terrariastructures:ruined_houses, HEADING, header:ignore, 0, 0, 0
1125, minecraft:ruined_portal, HEADING, header:ignore, 0, 0, 0
1126, minecraft:ruined_portal_desert, HEADING, header:ignore, 0, 0, 0
1127, minecraft:ruined_portal_jungle, HEADING, header:ignore, 0, 0, 0
1128, minecraft:ruined_portal_mountain, HEADING, header:ignore, 0, 0, 0
1129, minecraft:ruined_portal_nether, HEADING, header:ignore, 0, 0, 0
1130, minecraft:ruined_portal_ocean, HEADING, header:ignore, 0, 0, 0
1131, minecraft:ruined_portal_swamp, HEADING, header:ignore, 0, 0, 0
1132, legendary_monsters:ruined_pyramid, HEADING, header:ignore, 0, 0, 0
1133, legendary_monsters:ruined_pyramid, MONSTER, legendary_monsters:bomber, 10, 1, 1
1134, idas:ruined_well, HEADING, header:ignore, 0, 0, 0
1135, pumpeddesertremake:ruinhouse_1, HEADING, header:ignore, 0, 0, 0
1136, pumpeddesertremake:ruinhouse_2, HEADING, header:ignore, 0, 0, 0
1137, create_ltab:ruins, HEADING, header:ignore, 0, 0, 0
1138, mvs:ruins/castle_ruins, HEADING, header:ignore, 0, 0, 0
1139, mvs:ruins/log_ruin, HEADING, header:ignore, 0, 0, 0
1140, mvs:ruins/ruined_beacon, HEADING, header:ignore, 0, 0, 0
1141, mvs:ruins/small_ruin, HEADING, header:ignore, 0, 0, 0
1142, mvs:ruins/statue_ruins, HEADING, header:ignore, 0, 0, 0
1143, mvs:ruins/stone_pillars, HEADING, header:ignore, 0, 0, 0
1144, mvs:ruins/tree_monument, HEADING, header:ignore, 0, 0, 0
1145, idas:ruins_of_the_deep, HEADING, header:ignore, 0, 0, 0
1146, glorious_creatures:samurai_temple, HEADING, header:ignore, 0, 0, 0
1147, create_ltab:sand_house, HEADING, header:ignore, 0, 0, 0
1148, keebsz:sandstone_battletower, HEADING, header:ignore, 0, 0, 0
1149, keebsz:sandstone_battletower_underground, HEADING, header:ignore, 0, 0, 0
1150, humancompanions:sandstone_house, HEADING, header:ignore, 0, 0, 0
1151, piglet_structures:savanna_big_tree, HEADING, header:ignore, 0, 0, 0
1152, piglet_structures:savanna_lab_small, HEADING, header:ignore, 0, 0, 0
1153, piglet_structures:savanna_pillager_treasury, HEADING, header:ignore, 0, 0, 0
1154, piglet_structures:savanna_pond, HEADING, header:ignore, 0, 0, 0
1155, piglet_structures:savanna_ruins, HEADING, header:ignore, 0, 0, 0
1156, compatstructures:sawmill, HEADING, header:ignore, 0, 0, 0
1157, dungeons_arise:scorched_mines, HEADING, header:ignore, 0, 0, 0
1158, ati_structures:sculk_deposit, HEADING, header:ignore, 0, 0, 0
1159, mvs:shed, HEADING, header:ignore, 0, 0, 0
1160, medieval_buildings:ship, HEADING, header:ignore, 0, 0, 0
1161, ships:ship, HEADING, header:ignore, 0, 0, 0
1162, u_sea:ship/cove, HEADING, header:ignore, 0, 0, 0
1163, u_sea:ship/hopper, HEADING, header:ignore, 0, 0, 0
1164, ships:ship_fleet, HEADING, header:ignore, 0, 0, 0
1165, minecraft:shipwreck, HEADING, header:ignore, 0, 0, 0
1166, minecraft:shipwreck_beached, HEADING, header:ignore, 0, 0, 0
1167, dungeons_arise:shiraz_palace, HEADING, header:ignore, 0, 0, 0
1168, iter_rpg:shrine_air, HEADING, header:ignore, 0, 0, 0
1169, iter_rpg:shrine_earth, HEADING, header:ignore, 0, 0, 0
1170, iter_rpg:shrine_fire, HEADING, header:ignore, 0, 0, 0
1171, iter_rpg:shrine_void, HEADING, header:ignore, 0, 0, 0
1172, iter_rpg:shrine_water, HEADING, header:ignore, 0, 0, 0
1173, legendary_monsters:shulker_tower, HEADING, header:ignore, 0, 0, 0
1174, ancient_ruins:silver_tower, HEADING, header:ignore, 0, 0, 0
1175, ati_structures:silverfish_nest, HEADING, header:ignore, 0, 0, 0
1176, ati_structures:sinking_temple, HEADING, header:ignore, 0, 0, 0
1177, ati_structures:sinking_temple, MONSTER, minecraft:drowned, 10, 1, 2
1178, legendary_monsters:skeletosaurus_nest, HEADING, header:ignore, 0, 0, 0
1179, skyarena:sky_arena, HEADING, header:ignore, 0, 0, 0
1180, create_sky_village:skyvillage, HEADING, header:ignore, 0, 0, 0
1181, skyvillages:skyvillage, HEADING, header:ignore, 0, 0, 0
1182, ctov:small/village_beach, HEADING, header:ignore, 0, 0, 0
1183, ctov:small/village_christmas, HEADING, header:ignore, 0, 0, 0
1184, ctov:small/village_dark_forest, HEADING, header:ignore, 0, 0, 0
1185, ctov:small/village_desert, HEADING, header:ignore, 0, 0, 0
1186, ctov:small/village_desert_oasis, HEADING, header:ignore, 0, 0, 0
1187, ctov:small/village_jungle, HEADING, header:ignore, 0, 0, 0
1188, ctov:small/village_jungle_tree, HEADING, header:ignore, 0, 0, 0
1189, ctov:small/village_mesa, HEADING, header:ignore, 0, 0, 0
1190, ctov:small/village_mesa_fortified, HEADING, header:ignore, 0, 0, 0
1191, ctov:small/village_mountain, HEADING, header:ignore, 0, 0, 0
1192, ctov:small/village_mountain_alpine, HEADING, header:ignore, 0, 0, 0
1193, ctov:small/village_mushroom, HEADING, header:ignore, 0, 0, 0
1194, ctov:small/village_plains, HEADING, header:ignore, 0, 0, 0
1195, ctov:small/village_plains_fortified, HEADING, header:ignore, 0, 0, 0
1196, ctov:small/village_savanna, HEADING, header:ignore, 0, 0, 0
1197, ctov:small/village_savanna_na, HEADING, header:ignore, 0, 0, 0
1198, ctov:small/village_snowy_igloo, HEADING, header:ignore, 0, 0, 0
1199, ctov:small/village_swamp, HEADING, header:ignore, 0, 0, 0
1200, ctov:small/village_swamp_fortified, HEADING, header:ignore, 0, 0, 0
1201, ctov:small/village_taiga, HEADING, header:ignore, 0, 0, 0
1202, ctov:small/village_taiga_fortified, HEADING, header:ignore, 0, 0, 0
1203, ctov:small/village_underground, HEADING, header:ignore, 0, 0, 0
1204, dungeons_arise:small_blimp, HEADING, header:ignore, 0, 0, 0
1205, mss:small_deepslate_house, HEADING, header:ignore, 0, 0, 0
1206, formationsoverworld:small_house, HEADING, header:ignore, 0, 0, 0
1207, ati_structures:small_keep, HEADING, header:ignore, 0, 0, 0
1208, mns:small_nether_brick, HEADING, header:ignore, 0, 0, 0
1209, mss:small_oak_house, HEADING, header:ignore, 0, 0, 0
1210, mvs:small_pillager_tower, HEADING, header:ignore, 0, 0, 0
1211, mss:small_pond, HEADING, header:ignore, 0, 0, 0
1212, dungeons_arise:small_prairie_house, HEADING, header:ignore, 0, 0, 0
1213, sakes_structures:small_ruins, HEADING, header:ignore, 0, 0, 0
1214, mvs:small_ship, HEADING, header:ignore, 0, 0, 0
1215, formationsoverworld:small_statue, HEADING, header:ignore, 0, 0, 0
1216, create_ltab:small_structures_plains, HEADING, header:ignore, 0, 0, 0
1217, formationsoverworld:small_temple, HEADING, header:ignore, 0, 0, 0
1218, mss:small_tower, HEADING, header:ignore, 0, 0, 0
1219, create_ltab:small_warped_house, HEADING, header:ignore, 0, 0, 0
1220, dungeons_arise_seven_seas:small_yacht, HEADING, header:ignore, 0, 0, 0
1221, create_ltab:smallcherryhouse, HEADING, header:ignore, 0, 0, 0
1222, sakes_structures:smith_beneath, HEADING, header:ignore, 0, 0, 0
1223, mns:smoking_shrine, HEADING, header:ignore, 0, 0, 0
1224, idas:snifferhenge, HEADING, header:ignore, 0, 0, 0
1225, piglet_structures:snow_ancient_circle, HEADING, header:ignore, 0, 0, 0
1226, piglet_structures:snow_forge_stand, HEADING, header:ignore, 0, 0, 0
1227, create_ltab:snow_fort, HEADING, header:ignore, 0, 0, 0
1228, create_ltab:snow_fort, MONSTER, minecraft:pillager, 10, 1, 5
1229, terramity:snow_fort, HEADING, header:ignore, 0, 0, 0
1230, piglet_structures:snow_frozen_bones, HEADING, header:ignore, 0, 0, 0
1231, piglet_structures:snow_hidden_hideout, HEADING, header:ignore, 0, 0, 0
1232, piglet_structures:snow_little_hut, HEADING, header:ignore, 0, 0, 0
1233, piglet_structures:snow_ruins, HEADING, header:ignore, 0, 0, 0
1234, piglet_structures:snow_stray_tower, HEADING, header:ignore, 0, 0, 0
1235, piglet_structures:snow_winter_mansion, HEADING, header:ignore, 0, 0, 0
1236, illagerinvasion:sorcerer_hut, HEADING, header:ignore, 0, 0, 0
1237, iter_rpg:sorrow_spire, HEADING, header:ignore, 0, 0, 0
1238, legendary_monsters:soul_fortress_remains, HEADING, header:ignore, 0, 0, 0
1239, valhelsia_structures:spawner_dungeon, HEADING, header:ignore, 0, 0, 0
1240, valhelsia_structures:spawner_room, HEADING, header:ignore, 0, 0, 0
1241, ati_structures:spider_nest, HEADING, header:ignore, 0, 0, 0
1242, ati_structures:spider_nest, MONSTER, minecraft:spider, 10, 1, 3
1243, ati_structures:spider_nest, MONSTER, minecraft:cave_spider, 10, 1, 2
1244, terralith:spire, HEADING, header:ignore, 0, 0, 0
1245, humancompanions:spruce_house, HEADING, header:ignore, 0, 0, 0
1246, mss:spruce_huts, HEADING, header:ignore, 0, 0, 0
1247, create_ltab:spruce_structures, HEADING, header:ignore, 0, 0, 0
1248, dungeons_enhanced:stables, HEADING, header:ignore, 0, 0, 0
1249, mvs:stall/blue_stall, HEADING, header:ignore, 0, 0, 0
1250, mvs:stall/orange_stall, HEADING, header:ignore, 0, 0, 0
1251, mvs:stall/pink_stall, HEADING, header:ignore, 0, 0, 0
1252, mvs:stall/red_stall, HEADING, header:ignore, 0, 0, 0
1253, ati_structures:steam_house, HEADING, header:ignore, 0, 0, 0
1254, qrafty:stelzen, HEADING, header:ignore, 0, 0, 0
1255, keebsz:stone_battletower, HEADING, header:ignore, 0, 0, 0
1256, keebsz:stone_battletower_underground, HEADING, header:ignore, 0, 0, 0
1257, mvs:stone_fountain, HEADING, header:ignore, 0, 0, 0
1258, formationsoverworld:stone_ore_spikes, HEADING, header:ignore, 0, 0, 0
1259, formationsoverworld:stone_tower, HEADING, header:ignore, 0, 0, 0
1260, keebsz:stonebrick_battletower, HEADING, header:ignore, 0, 0, 0
1261, keebsz:stonebrick_battletower_underground, HEADING, header:ignore, 0, 0, 0
1262, qrafty:stonehedge, HEADING, header:ignore, 0, 0, 0
1263, ati_structures:storage_house, HEADING, header:ignore, 0, 0, 0
1264, ati_structures:storage_shack, HEADING, header:ignore, 0, 0, 0
1265, ati_structures:stray_ruins, HEADING, header:ignore, 0, 0, 0
1266, minecraft:stronghold, HEADING, header:ignore, 0, 0, 0
1267, minecraft:stronghold_big, HEADING, header:ignore, 0, 0, 0
1268, terramity:subterranean_shrine, HEADING, header:ignore, 0, 0, 0
1269, qrafty:sunken_city, HEADING, header:ignore, 0, 0, 0
1270, idas:sunken_ship/sunken_ship, HEADING, header:ignore, 0, 0, 0
1271, idas:sunken_ship/sunken_ship, MONSTER, quark:wraith, 10, 1, 2
1272, idas:sunken_ship/sunken_ship_coral, HEADING, header:ignore, 0, 0, 0
1273, idas:sunken_ship/sunken_ship_coral, MONSTER, quark:wraith, 10, 1, 2
1274, idas:sunken_ship/sunken_ship_ruins, HEADING, header:ignore, 0, 0, 0
1275, dungeons_enhanced:sunken_shrine, HEADING, header:ignore, 0, 0, 0
1276, mvs:sunzi_gate, HEADING, header:ignore, 0, 0, 0
1277, terramity:suspicious_shrine, HEADING, header:ignore, 0, 0, 0
1278, piglet_structures:swamp_compost_fairies_dwelling, HEADING, header:ignore, 0, 0, 0
1279, homesteads:swamp_home_steads, HEADING, header:ignore, 0, 0, 0
1280, piglet_structures:swamp_hunter_outpost, HEADING, header:ignore, 0, 0, 0
1281, minecraft:swamp_hut, HEADING, header:ignore, 0, 0, 0
1282, minecraft:swamp_hut, MONSTER, minecraft:witch, 10, 1, 1
1283, minecraft:swamp_hut, CREATURE, minecraft:cat, 10, 1, 1
1284, piglet_structures:swamp_ruins, HEADING, header:ignore, 0, 0, 0
1285, piglet_structures:swamp_vase, HEADING, header:ignore, 0, 0, 0
1286, piglet_structures:swamp_witch_hut, HEADING, header:ignore, 0, 0, 0
1287, piglet_structures:swamp_zombie_isle, HEADING, header:ignore, 0, 0, 0
1288, terramity:sword_shrine, HEADING, header:ignore, 0, 0, 0
1289, mss:taiga, HEADING, header:ignore, 0, 0, 0
1290, piglet_structures:taiga_brickery_house, HEADING, header:ignore, 0, 0, 0
1291, homesteads:taiga_home_steads, HEADING, header:ignore, 0, 0, 0
1292, piglet_structures:taiga_house_1, HEADING, header:ignore, 0, 0, 0
1293, piglet_structures:taiga_metal_foundry, HEADING, header:ignore, 0, 0, 0
1294, piglet_structures:taiga_ruins, HEADING, header:ignore, 0, 0, 0
1295, dungeons_enhanced:tall_witch_hut, HEADING, header:ignore, 0, 0, 0
1296, world:talltree, HEADING, header:ignore, 0, 0, 0
1297, world:talltree_2, HEADING, header:ignore, 0, 0, 0
1298, world:talltree_4, HEADING, header:ignore, 0, 0, 0
1299, world:tallttree_22, HEADING, header:ignore, 0, 0, 0
1300, world:taltreeelfhouses, HEADING, header:ignore, 0, 0, 0
1301, ati_structures:tavern, HEADING, header:ignore, 0, 0, 0
1302, qrafty:termite_hill, HEADING, header:ignore, 0, 0, 0
1303, humancompanions:terracotta_house, HEADING, header:ignore, 0, 0, 0
1304, create_ltab:the_caretakersbunker, HEADING, header:ignore, 0, 0, 0
1305, compatstructures:the_well, HEADING, header:ignore, 0, 0, 0
1306, create_ltab:thecastle, HEADING, header:ignore, 0, 0, 0
1307, dungeons_arise:thornborn_towers, HEADING, header:ignore, 0, 0, 0
1308, idas:tinkers_citadel, HEADING, header:ignore, 0, 0, 0
1309, idas:tinkers_workshop, HEADING, header:ignore, 0, 0, 0
1310, formationsoverworld:tiny_house, HEADING, header:ignore, 0, 0, 0
1311, threateningly_mobs:titan_summon_altar, HEADING, header:ignore, 0, 0, 0
1312, compatstructures:tool_shelfs, HEADING, header:ignore, 0, 0, 0
1313, medieval_buildings:tower, HEADING, header:ignore, 0, 0, 0
1314, qrafty:tower, HEADING, header:ignore, 0, 0, 0
1315, compatstructures:tower_elevator, HEADING, header:ignore, 0, 0, 0
1316, dungeons_enhanced:tower_of_the_undead, HEADING, header:ignore, 0, 0, 0
1317, formationsoverworld:tower_remnant, HEADING, header:ignore, 0, 0, 0
1318, valhelsia_structures:tower_ruin, HEADING, header:ignore, 0, 0, 0
1319, enchanted_villagers:traderof_diamond, HEADING, header:ignore, 0, 0, 0
1320, enchanted_villagers:traderof_items, HEADING, header:ignore, 0, 0, 0
1321, enchanted_villagers:traderof_spawn_eggs, HEADING, header:ignore, 0, 0, 0
1322, pirates:tradersshipentitystructure, HEADING, header:ignore, 0, 0, 0
1323, the_pillager_legion_:trading_out_post, HEADING, header:ignore, 0, 0, 0
1324, minecraft:trail_ruins, HEADING, header:ignore, 0, 0, 0
1325, idas:train_ruins, HEADING, header:ignore, 0, 0, 0
1326, mss:tree_1, HEADING, header:ignore, 0, 0, 0
1327, mss:tree_2, HEADING, header:ignore, 0, 0, 0
1328, mss:tree_3, HEADING, header:ignore, 0, 0, 0
1329, mss:tree_4, HEADING, header:ignore, 0, 0, 0
1330, mss:tree_5, HEADING, header:ignore, 0, 0, 0
1331, mss:tree_6, HEADING, header:ignore, 0, 0, 0
1332, mss:tree_7, HEADING, header:ignore, 0, 0, 0
1333, mss:tree_8, HEADING, header:ignore, 0, 0, 0
1334, dungeons_enhanced:tree_house, HEADING, header:ignore, 0, 0, 0
1335, idas:tree_of_wisdom, HEADING, header:ignore, 0, 0, 0
1336, idas:treetop_tavern, HEADING, header:ignore, 0, 0, 0
1337, terramity:trial_spire, HEADING, header:ignore, 0, 0, 0
1338, trials:trials_chambers, HEADING, header:ignore, 0, 0, 0
1339, qrafty:tsumago, HEADING, header:ignore, 0, 0, 0
1340, world:tt_3, HEADING, header:ignore, 0, 0, 0
1341, dungeons_arise:typhon, HEADING, header:ignore, 0, 0, 0
1342, dungeons_arise:undead_pirate_ship, HEADING, header:ignore, 0, 0, 0
1343, the_pillager_legion_:under_struct_1, HEADING, header:ignore, 0, 0, 0
1344, the_pillager_legion_:under_struct_2, HEADING, header:ignore, 0, 0, 0
1345, the_pillager_legion_:under_struct_3, HEADING, header:ignore, 0, 0, 0
1346, the_pillager_legion_:under_struct_4, HEADING, header:ignore, 0, 0, 0
1347, the_pillager_legion_:under_struct_5, HEADING, header:ignore, 0, 0, 0
1348, the_pillager_legion_:under_struct_6, HEADING, header:ignore, 0, 0, 0
1349, the_pillager_legion_:under_struct_monster_desert_1, HEADING, header:ignore, 0, 0, 0
1350, the_pillager_legion_:under_struct_monster_desert_2, HEADING, header:ignore, 0, 0, 0
1351, the_pillager_legion_:under_struct_tunnel_horizontal_1, HEADING, header:ignore, 0, 0, 0
1352, the_pillager_legion_:under_struct_tunnel_horizontal_2, HEADING, header:ignore, 0, 0, 0
1353, the_pillager_legion_:under_struct_tunnel_horizontal_3, HEADING, header:ignore, 0, 0, 0
1354, the_pillager_legion_:under_struct_tunnel_vertical_1, HEADING, header:ignore, 0, 0, 0
1355, the_pillager_legion_:under_struct_tunnel_vertical_2, HEADING, header:ignore, 0, 0, 0
1356, the_pillager_legion_:under_struct_tunnel_vertical_3, HEADING, header:ignore, 0, 0, 0
1357, the_pillager_legion_:under_struct_tunnel_vertical_4, HEADING, header:ignore, 0, 0, 0
1358, terralith:underground/frosted_dungeon, HEADING, header:ignore, 0, 0, 0
1359, terralith:underground/giant_bee_hive, HEADING, header:ignore, 0, 0, 0
1360, terralith:underground/mining_outpost, HEADING, header:ignore, 0, 0, 0
1361, terralith:underground/oak_cabin, HEADING, header:ignore, 0, 0, 0
1362, terralith:underground/old_refinery, HEADING, header:ignore, 0, 0, 0
1363, terralith:underground/sunken_tower, HEADING, header:ignore, 0, 0, 0
1364, terralith:underground/witch_hut, HEADING, header:ignore, 0, 0, 0
1365, terralith:underground_cabin, HEADING, header:ignore, 0, 0, 0
1366, idas:underground_camp/underground_camp, HEADING, header:ignore, 0, 0, 0
1367, idas:underground_camp/underground_camp_deep, HEADING, header:ignore, 0, 0, 0
1368, ati_structures:underground_monument, HEADING, header:ignore, 0, 0, 0
1369, bloxysstructures:underground_structure, HEADING, header:ignore, 0, 0, 0
1370, sakes_structures:underground_trial, HEADING, header:ignore, 0, 0, 0
1371, underground_villages:underground_village, HEADING, header:ignore, 0, 0, 0
1372, threateningly_mobs:underwater_altar, HEADING, header:ignore, 0, 0, 0
1373, ati_structures:underwater_dungeon, HEADING, header:ignore, 0, 0, 0
1374, ati_structures:underwater_dungeon, MONSTER, minecraft:drowned, 10, 1, 2
1375, ati_structures:underwater_dungeon, MONSTER, minecraft:guardian, 10, 1, 2
1376, alekiships:unfinished_rowboat_birch, HEADING, header:ignore, 0, 0, 0
1377, alekiships:unfinished_rowboat_cherry, HEADING, header:ignore, 0, 0, 0
1378, alekiships:unfinished_rowboat_dark_oak, HEADING, header:ignore, 0, 0, 0
1379, alekiships:unfinished_rowboat_oak, HEADING, header:ignore, 0, 0, 0
1380, alekiships:unfinished_rowboat_spruce, HEADING, header:ignore, 0, 0, 0
1381, alekiships:unfinished_sloop_birch, HEADING, header:ignore, 0, 0, 0
1382, alekiships:unfinished_sloop_cherry, HEADING, header:ignore, 0, 0, 0
1383, alekiships:unfinished_sloop_dark_oak, HEADING, header:ignore, 0, 0, 0
1384, alekiships:unfinished_sloop_oak, HEADING, header:ignore, 0, 0, 0
1385, alekiships:unfinished_sloop_spruce, HEADING, header:ignore, 0, 0, 0
1386, dungeons_arise_seven_seas:unicorn_galleon, HEADING, header:ignore, 0, 0, 0
1387, valarian_conquest:valariancastle, HEADING, header:ignore, 0, 0, 0
1388, valarian_conquest:valarianfort, HEADING, header:ignore, 0, 0, 0
1389, valarian_conquest:valarianoutpost, HEADING, header:ignore, 0, 0, 0
1390, terralith:valley_lodge, HEADING, header:ignore, 0, 0, 0
1391, mns:very_small_blackstone, HEADING, header:ignore, 0, 0, 0
1392, mns:very_small_blackstone_2, HEADING, header:ignore, 0, 0, 0
1393, mns:very_small_blackstone_3, HEADING, header:ignore, 0, 0, 0
1394, mns:very_small_blackstone_4, HEADING, header:ignore, 0, 0, 0
1395, mns:very_small_nether_brick, HEADING, header:ignore, 0, 0, 0
1396, mns:very_small_nether_brick_2, HEADING, header:ignore, 0, 0, 0
1397, mns:very_small_nether_brick_3, HEADING, header:ignore, 0, 0, 0
1398, dungeons_arise_seven_seas:victory_frigate, HEADING, header:ignore, 0, 0, 0
1399, burrowers:village, HEADING, header:ignore, 0, 0, 0
1400, trek:village/desert, HEADING, header:ignore, 0, 0, 0
1401, trek:village/mushroom, HEADING, header:ignore, 0, 0, 0
1402, trek:village/plains, HEADING, header:ignore, 0, 0, 0
1403, trek:village/savanna, HEADING, header:ignore, 0, 0, 0
1404, trek:village/snowy, HEADING, header:ignore, 0, 0, 0
1405, trek:village/swamp, HEADING, header:ignore, 0, 0, 0
1406, trek:village/taiga, HEADING, header:ignore, 0, 0, 0
1407, towns_and_towers:village_badlands, HEADING, header:ignore, 0, 0, 0
1408, towns_and_towers:village_beach, HEADING, header:ignore, 0, 0, 0
1409, towns_and_towers:village_birch_forest, HEADING, header:ignore, 0, 0, 0
1410, minecraft:village_desert, HEADING, header:ignore, 0, 0, 0
1411, towns_and_towers:village_flower_forest, HEADING, header:ignore, 0, 0, 0
1412, towns_and_towers:village_forest, HEADING, header:ignore, 0, 0, 0
1413, towns_and_towers:village_grove, HEADING, header:ignore, 0, 0, 0
1414, towns_and_towers:village_jungle, HEADING, header:ignore, 0, 0, 0
1415, towns_and_towers:village_meadow, HEADING, header:ignore, 0, 0, 0
1416, towns_and_towers:village_mushroom_fields, HEADING, header:ignore, 0, 0, 0
1417, joshie:village_ocean, HEADING, header:ignore, 0, 0, 0
1418, towns_and_towers:village_ocean, HEADING, header:ignore, 0, 0, 0
1419, towns_and_towers:village_old_growth_taiga, HEADING, header:ignore, 0, 0, 0
1420, minecraft:village_plains, HEADING, header:ignore, 0, 0, 0
1421, minecraft:village_savanna, HEADING, header:ignore, 0, 0, 0
1422, towns_and_towers:village_savanna_plateau, HEADING, header:ignore, 0, 0, 0
1423, minecraft:village_snowy, HEADING, header:ignore, 0, 0, 0
1424, towns_and_towers:village_snowy_slopes, HEADING, header:ignore, 0, 0, 0
1425, towns_and_towers:village_snowy_taiga, HEADING, header:ignore, 0, 0, 0
1426, towns_and_towers:village_sparse_jungle, HEADING, header:ignore, 0, 0, 0
1427, towns_and_towers:village_sunflower_plains, HEADING, header:ignore, 0, 0, 0
1428, towns_and_towers:village_swamp, HEADING, header:ignore, 0, 0, 0
1429, minecraft:village_taiga, HEADING, header:ignore, 0, 0, 0
1430, towns_and_towers:village_wooded_badlands, HEADING, header:ignore, 0, 0, 0
1431, ati_structures:villager_inn, HEADING, header:ignore, 0, 0, 0
1432, enchanted_villagers:villagerofnature, HEADING, header:ignore, 0, 0, 0
1433, valarian_conquest:visgothiancastle, HEADING, header:ignore, 0, 0, 0
1434, valarian_conquest:visgothianoutpost, HEADING, header:ignore, 0, 0, 0
1435, mss:volcano, HEADING, header:ignore, 0, 0, 0
1436, formationsoverworld:wagon, HEADING, header:ignore, 0, 0, 0
1437, ati_structures:warden_monument, HEADING, header:ignore, 0, 0, 0
1438, legendary_monsters:warped_fungussus_nest, HEADING, header:ignore, 0, 0, 0
1439, mns:warped_pool, HEADING, header:ignore, 0, 0, 0
1440, idas:washing_camp, HEADING, header:ignore, 0, 0, 0
1441, dungeons_enhanced:watch_tower, HEADING, header:ignore, 0, 0, 0
1442, create_ltab:water_pre, HEADING, header:ignore, 0, 0, 0
1443, supplementaries:way_sign, HEADING, header:ignore, 0, 0, 0
1444, formationsoverworld:well, HEADING, header:ignore, 0, 0, 0
1445, qrafty:well, HEADING, header:ignore, 0, 0, 0
1446, mvs:well/rare_well, HEADING, header:ignore, 0, 0, 0
1447, mvs:well/small_copper_well, HEADING, header:ignore, 0, 0, 0
1448, mvs:well/small_tower_well, HEADING, header:ignore, 0, 0, 0
1449, mvs:well/small_well, HEADING, header:ignore, 0, 0, 0
1450, mvs:well/well, HEADING, header:ignore, 0, 0, 0
1451, mvs:well/wells/acacia_well, HEADING, header:ignore, 0, 0, 0
1452, mvs:well/wells/birch_well, HEADING, header:ignore, 0, 0, 0
1453, mvs:well/wells/dark_oak_well, HEADING, header:ignore, 0, 0, 0
1454, mvs:well/wells/desert_well, HEADING, header:ignore, 0, 0, 0
1455, mvs:well/wells/end_well, HEADING, header:ignore, 0, 0, 0
1456, mvs:well/wells/jungle_well, HEADING, header:ignore, 0, 0, 0
1457, mvs:well/wells/mushroom_well, HEADING, header:ignore, 0, 0, 0
1458, mvs:well/wells/nether_well, HEADING, header:ignore, 0, 0, 0
1459, mvs:well/wells/oak_well, HEADING, header:ignore, 0, 0, 0
1460, mvs:well/wells/rocky_well, HEADING, header:ignore, 0, 0, 0
1461, mvs:well/wells/snowy_well, HEADING, header:ignore, 0, 0, 0
1462, mvs:well/wells/spruce_well, HEADING, header:ignore, 0, 0, 0
1463, compatstructures:white_aqva, HEADING, header:ignore, 0, 0, 0
1464, mss:white_house, HEADING, header:ignore, 0, 0, 0
1465, create_structures_arise:windmill, HEADING, header:ignore, 0, 0, 0
1466, idas:windswept_shrine, HEADING, header:ignore, 0, 0, 0
1467, idas:winter_wagon, HEADING, header:ignore, 0, 0, 0
1468, dungeons_arise:wishing_well, HEADING, header:ignore, 0, 0, 0
1469, terralith:witch_hut, HEADING, header:ignore, 0, 0, 0
1470, terralith:witch_hut, MONSTER, minecraft:witch, 10, 1, 2
1471, terralith:witch_hut, CREATURE, minecraft:cat, 10, 1, 1
1472, valhelsia_structures:witch_hut, HEADING, header:ignore, 0, 0, 0
1473, valhelsia_structures:witch_hut, MONSTER, minecraft:witch, 10, 1, 1
1474, valhelsia_structures:witch_hut, CREATURE, minecraft:cat, 10, 1, 1
1475, dungeons_enhanced:witch_tower, HEADING, header:ignore, 0, 0, 0
1476, formationsoverworld:witch_tower, HEADING, header:ignore, 0, 0, 0
1477, idas:witches_treestump, HEADING, header:ignore, 0, 0, 0
1478, idas:witches_treestump, MONSTER, minecraft:witch, 10, 1, 1
1479, idas:witches_treestump, CREATURE, minecraft:cat, 10, 1, 1
1480, ati_structures:wither_cavern, HEADING, header:ignore, 0, 0, 0
1481, ati_structures:wither_keep, HEADING, header:ignore, 0, 0, 0
1482, idas:wizard_tower, HEADING, header:ignore, 0, 0, 0
1483, sakes_structures:wooden_ascension_tower, HEADING, header:ignore, 0, 0, 0
1484, ati_structures:woodland_keep, HEADING, header:ignore, 0, 0, 0
1485, towns_and_towers:wreckage_ocean, HEADING, header:ignore, 0, 0, 0
